id,title,abstract,categories,year,period
0704.1274,Parametric Learning and Monte Carlo Optimization,"  This paper uncovers and explores the close relationship between Monte Carlo
Optimization of a parametrized integral (MCO), Parametric machine-Learning
(PL), and `blackbox' or `oracle'-based optimization (BO). We make four
contributions. First, we prove that MCO is mathematically identical to a broad
class of PL problems. This identity potentially provides a new application
domain for all broadly applicable PL techniques: MCO. Second, we introduce
immediate sampling, a new version of the Probability Collectives (PC) algorithm
for blackbox optimization. Immediate sampling transforms the original BO
problem into an MCO problem. Accordingly, by combining these first two
contributions, we can apply all PL techniques to BO. In our third contribution
we validate this way of improving BO by demonstrating that cross-validation and
bagging improve immediate sampling. Finally, conventional MC and MCO procedures
ignore the relationship between the sample point locations and the associated
values of the integrand; only the values of the integrand at those locations
are considered. We demonstrate that one can exploit the sample location
information using PL techniques, for example by forming a fit of the sample
locations to the associated values of the integrand. This provides an
additional way to apply PL techniques to improve MCO.
",['cs.LG'],2007,early
0704.2668,Supervised Feature Selection via Dependence Estimation,"  We introduce a framework for filtering features that employs the
Hilbert-Schmidt Independence Criterion (HSIC) as a measure of dependence
between the features and the labels. The key idea is that good features should
maximise such dependence. Feature selection for various supervised learning
problems (including classification and regression) is unified under this
framework, and the solutions can be approximated using a backward-elimination
algorithm. We demonstrate the usefulness of our method on both artificial and
real world datasets.
",['cs.LG'],2007,early
0705.1585,"HMM Speaker Identification Using Linear and Non-linear Merging
  Techniques","  Speaker identification is a powerful, non-invasive and in-expensive biometric
technique. The recognition accuracy, however, deteriorates when noise levels
affect a specific band of frequency. In this paper, we present a sub-band based
speaker identification that intends to improve the live testing performance.
Each frequency sub-band is processed and classified independently. We also
compare the linear and non-linear merging techniques for the sub-bands
recognizer. Support vector machines and Gaussian Mixture models are the
non-linear merging techniques that are investigated. Results showed that the
sub-band based method used with linear merging techniques enormously improved
the performance of the speaker identification over the performance of wide-band
recognizers when tested live. A live testing improvement of 9.78% was achieved
",['cs.LG'],2007,early
0706.3679,"Scale-sensitive Psi-dimensions: the Capacity Measures for Classifiers
  Taking Values in R^Q","  Bounds on the risk play a crucial role in statistical learning theory. They
usually involve as capacity measure of the model studied the VC dimension or
one of its extensions. In classification, such ""VC dimensions"" exist for models
taking values in {0, 1}, {1,..., Q} and R. We introduce the generalizations
appropriate for the missing case, the one of models with values in R^Q. This
provides us with a new guaranteed risk for M-SVMs which appears superior to the
existing one.
",['cs.LG'],2007,early
0707.3390,Consistency of the group Lasso and multiple kernel learning,"  We consider the least-square regression problem with regularization by a
block 1-norm, i.e., a sum of Euclidean norms over spaces of dimensions larger
than one. This problem, referred to as the group Lasso, extends the usual
regularization by the 1-norm where all spaces have dimension one, where it is
commonly referred to as the Lasso. In this paper, we study the asymptotic model
consistency of the group Lasso. We derive necessary and sufficient conditions
for the consistency of group Lasso under practical assumptions, such as model
misspecification. When the linear predictors and Euclidean norms are replaced
by functions and reproducing kernel Hilbert norms, the problem is usually
referred to as multiple kernel learning and is commonly used for learning from
heterogeneous data sources and for non linear variable selection. Using tools
from functional analysis, and in particular covariance operators, we extend the
consistency results to this infinite dimensional case and also propose an
adaptive scheme to obtain a consistent model estimate, even when the necessary
condition required for the non adaptive scheme is not satisfied.
",['cs.LG'],2007,early
0708.1242,"Cost-minimising strategies for data labelling : optimal stopping and
  active learning","  Supervised learning deals with the inference of a distribution over an output
or label space $\CY$ conditioned on points in an observation space $\CX$, given
a training dataset $D$ of pairs in $\CX \times \CY$. However, in a lot of
applications of interest, acquisition of large amounts of observations is easy,
while the process of generating labels is time-consuming or costly. One way to
deal with this problem is {\em active} learning, where points to be labelled
are selected with the aim of creating a model with better performance than that
of an model trained on an equal number of randomly sampled points. In this
paper, we instead propose to deal with the labelling cost directly: The
learning goal is defined as the minimisation of a cost which is a function of
the expected model performance and the total cost of the labels used. This
allows the development of general strategies and specific algorithms for (a)
optimal stopping, where the expected cost dictates whether label acquisition
should continue (b) empirical evaluation, where the cost is used as a
performance metric for a given combination of inference, stopping and sampling
methods. Though the main focus of the paper is optimal stopping, we also aim to
provide the background for further developments and discussion in the related
field of active learning.
",['cs.LG'],2007,early
0708.1503,Defensive forecasting for optimal prediction with expert advice,"  The method of defensive forecasting is applied to the problem of prediction
with expert advice for binary outcomes. It turns out that defensive forecasting
is not only competitive with the Aggregating Algorithm but also handles the
case of ""second-guessing"" experts, whose advice depends on the learner's
prediction; this paper assumes that the dependence on the learner's prediction
is continuous.
",['cs.LG'],2007,early
0708.2353,Continuous and randomized defensive forecasting: unified view,"  Defensive forecasting is a method of transforming laws of probability (stated
in game-theoretic terms as strategies for Sceptic) into forecasting algorithms.
There are two known varieties of defensive forecasting: ""continuous"", in which
Sceptic's moves are assumed to depend on the forecasts in a (semi)continuous
manner and which produces deterministic forecasts, and ""randomized"", in which
the dependence of Sceptic's moves on the forecasts is arbitrary and
Forecaster's moves are allowed to be randomized. This note shows that the
randomized variety can be obtained from the continuous variety by smearing
Sceptic's moves to make them continuous.
",['cs.LG'],2007,early
0709.0509,Filtering Additive Measurement Noise with Maximum Entropy in the Mean,"  The purpose of this note is to show how the method of maximum entropy in the
mean (MEM) may be used to improve parametric estimation when the measurements
are corrupted by large level of noise. The method is developed in the context
on a concrete example: that of estimation of the parameter in an exponential
distribution. We compare the performance of our method with the bayesian and
maximum likelihood approaches.
",['cs.LG'],2007,early
0710.0485,Prediction with expert advice for the Brier game,"  We show that the Brier game of prediction is mixable and find the optimal
learning rate and substitution function for it. The resulting prediction
algorithm is applied to predict results of football and tennis matches. The
theoretical performance guarantee turns out to be rather tight on these data
sets, especially in the case of the more extensive tennis data.
",['cs.LG'],2007,early
0710.2848,Consistency of trace norm minimization,"  Regularization by the sum of singular values, also referred to as the trace
norm, is a popular technique for estimating low rank rectangular matrices. In
this paper, we extend some of the consistency results of the Lasso to provide
necessary and sufficient conditions for rank consistency of trace norm
minimization with the square loss. We also provide an adaptive version that is
rank consistent even when the necessary condition for the non adaptive version
is not fulfilled.
",['cs.LG'],2007,early
0711.3594,Clustering with Transitive Distance and K-Means Duality,"  Recent spectral clustering methods are a propular and powerful technique for
data clustering. These methods need to solve the eigenproblem whose
computational complexity is $O(n^3)$, where $n$ is the number of data samples.
In this paper, a non-eigenproblem based clustering method is proposed to deal
with the clustering problem. Its performance is comparable to the spectral
clustering algorithms but it is more efficient with computational complexity
$O(n^2)$. We show that with a transitive distance and an observed property,
called K-means duality, our algorithm can be used to handle data sets with
complex cluster shapes, multi-scale clusters, and noise. Moreover, no
parameters except the number of clusters need to be set in our algorithm.
",['cs.LG'],2007,early
0711.4452,Covariance and PCA for Categorical Variables,"  Covariances from categorical variables are defined using a regular simplex
expression for categories. The method follows the variance definition by Gini,
and it gives the covariance as a solution of simultaneous equations. The
calculated results give reasonable values for test data. A method of principal
component analysis (RS-PCA) is also proposed using regular simplex expressions,
which allows easy interpretation of the principal components. The proposed
methods apply to variable selection problem of categorical data USCensus1990
data. The proposed methods give appropriate criterion for the variable
selection problem of categorical
",['cs.LG'],2007,early
0712.0130,On the Relationship between the Posterior and Optimal Similarity,"  For a classification problem described by the joint density $P(\omega,x)$,
models of $P(\omega\eq\omega'|x,x')$ (the ``Bayesian similarity measure'') have
been shown to be an optimal similarity measure for nearest neighbor
classification. This paper analyzes demonstrates several additional properties
of that conditional distribution. The paper first shows that we can
reconstruct, up to class labels, the class posterior distribution $P(\omega|x)$
given $P(\omega\eq\omega'|x,x')$, gives a procedure for recovering the class
labels, and gives an asymptotically Bayes-optimal classification procedure. It
also shows, given such an optimal similarity measure, how to construct a
classifier that outperforms the nearest neighbor classifier and achieves
Bayes-optimal classification rates. The paper then analyzes Bayesian similarity
in a framework where a classifier faces a number of related classification
tasks (multitask learning) and illustrates that reconstruction of the class
posterior distribution is not possible in general. Finally, the paper
identifies a distinct class of classification problems using
$P(\omega\eq\omega'|x,x')$ and shows that using $P(\omega\eq\omega'|x,x')$ to
solve those problems is the Bayes optimal solution.
",['cs.LG'],2007,early
0712.0653,Equations of States in Singular Statistical Estimation,"  Learning machines which have hierarchical structures or hidden variables are
singular statistical models because they are nonidentifiable and their Fisher
information matrices are singular. In singular statistical models, neither the
Bayes a posteriori distribution converges to the normal distribution nor the
maximum likelihood estimator satisfies asymptotic normality. This is the main
reason why it has been difficult to predict their generalization performances
from trained states. In this paper, we study four errors, (1) Bayes
generalization error, (2) Bayes training error, (3) Gibbs generalization error,
and (4) Gibbs training error, and prove that there are mathematical relations
among these errors. The formulas proved in this paper are equations of states
in statistical estimation because they hold for any true distribution, any
parametric model, and any a priori distribution. Also we show that Bayes and
Gibbs generalization errors are estimated by Bayes and Gibbs training errors,
and propose widely applicable information criteria which can be applied to both
regular and singular statistical models.
",['cs.LG'],2007,early
0712.2869,Density estimation in linear time,"  We consider the problem of choosing a density estimate from a set of
distributions F, minimizing the L1-distance to an unknown distribution
(Devroye, Lugosi 2001). Devroye and Lugosi analyze two algorithms for the
problem: Scheffe tournament winner and minimum distance estimate. The Scheffe
tournament estimate requires fewer computations than the minimum distance
estimate, but has strictly weaker guarantees than the latter.
  We focus on the computational aspect of density estimation. We present two
algorithms, both with the same guarantee as the minimum distance estimate. The
first one, a modification of the minimum distance estimate, uses the same
number (quadratic in |F|) of computations as the Scheffe tournament. The second
one, called ``efficient minimum loss-weight estimate,'' uses only a linear
number of computations, assuming that F is preprocessed.
  We also give examples showing that the guarantees of the algorithms cannot be
improved and explore randomized algorithms for density estimation.
",['cs.LG'],2007,early
0712.3402,Graph kernels between point clouds,"  Point clouds are sets of points in two or three dimensions. Most kernel
methods for learning on sets of points have not yet dealt with the specific
geometrical invariances and practical constraints associated with point clouds
in computer vision and graphics. In this paper, we present extensions of graph
kernels for point clouds, which allow to use kernel methods for such ob jects
as shapes, line drawings, or any three-dimensional point clouds. In order to
design rich and numerically efficient kernels with as few free parameters as
possible, we use kernels between covariance matrices and their factorizations
on graphical models. We derive polynomial time dynamic programming recursions
and present applications to recognition of handwritten digits and Chinese
characters from few training examples.
",['cs.LG'],2007,early
0801.1988,Online variants of the cross-entropy method,"  The cross-entropy method is a simple but efficient method for global
optimization. In this paper we provide two online variants of the basic CEM,
together with a proof of convergence.
",['cs.LG'],2008,early
0801.4061,The optimal assignment kernel is not positive definite,"  We prove that the optimal assignment kernel, proposed recently as an attempt
to embed labeled graphs and more generally tuples of basic data to a Hilbert
space, is in fact not always positive definite.
",['cs.LG'],2008,early
0802.1002,New Estimation Procedures for PLS Path Modelling,"  Given R groups of numerical variables X1, ... XR, we assume that each group
is the result of one underlying latent variable, and that all latent variables
are bound together through a linear equation system. Moreover, we assume that
some explanatory latent variables may interact pairwise in one or more
equations. We basically consider PLS Path Modelling's algorithm to estimate
both latent variables and the model's coefficients. New ""external"" estimation
schemes are proposed that draw latent variables towards strong group structures
in a more flexible way. New ""internal"" estimation schemes are proposed to
enable PLSPM to make good use of variable group complementarity and to deal
with interactions. Application examples are given.
",['cs.LG'],2008,early
0802.1430,"A New Approach to Collaborative Filtering: Operator Estimation with
  Spectral Regularization","  We present a general approach for collaborative filtering (CF) using spectral
regularization to learn linear operators from ""users"" to the ""objects"" they
rate. Recent low-rank type matrix completion approaches to CF are shown to be
special cases. However, unlike existing regularization based CF methods, our
approach can be used to also incorporate information such as attributes of the
users or the objects -- a limitation of existing regularization based CF
methods. We then provide novel representer theorems that we use to develop new
estimation methods. We provide learning algorithms based on low-rank
decompositions, and test them on a standard CF dataset. The experiments
indicate the advantages of generalizing the existing regularization based CF
methods to incorporate related information about users and objects. Finally, we
show that certain multi-task learning methods can be also seen as special cases
of our proposed approach.
",['cs.LG'],2008,early
0804.3817,Multiple Random Oracles Are Better Than One,"  We study the problem of learning k-juntas given access to examples drawn from
a number of different product distributions. Thus we wish to learn a function f
: {-1,1}^n -> {-1,1} that depends on k (unknown) coordinates. While the best
known algorithms for the general problem of learning a k-junta require running
time of n^k * poly(n,2^k), we show that given access to k different product
distributions with biases separated by \gamma>0, the functions may be learned
in time poly(n,2^k,\gamma^{-k}). More generally, given access to t <= k
different product distributions, the functions may be learned in time n^{k/t} *
poly(n,2^k,\gamma^{-k}). Our techniques involve novel results in Fourier
analysis relating Fourier expansions with respect to different biases and a
generalization of Russo's formula.
",['cs.LG'],2008,early
0804.4682,Introduction to Relational Networks for Classification,"  The use of computational intelligence techniques for classification has been
used in numerous applications. This paper compares the use of a Multi Layer
Perceptron Neural Network and a new Relational Network on classifying the HIV
status of women at ante-natal clinics. The paper discusses the architecture of
the relational network and its merits compared to a neural network and most
other computational intelligence classifiers. Results gathered from the study
indicate comparable classification accuracies as well as revealed relationships
between data features in the classification data. Much higher classification
accuracies are recommended for future research in the area of HIV
classification as well as missing data estimation.
",['cs.LG'],2008,early
0804.4741,"The Effect of Structural Diversity of an Ensemble of Classifiers on
  Classification Accuracy","  This paper aims to showcase the measure of structural diversity of an
ensemble of 9 classifiers and then map a relationship between this structural
diversity and accuracy. The structural diversity was induced by having
different architectures or structures of the classifiers The Genetical
Algorithms (GA) were used to derive the relationship between diversity and the
classification accuracy by evolving the classifiers and then picking 9
classifiers out on an ensemble of 60 classifiers. It was found that as the
ensemble became diverse the accuracy improved. However at a certain diversity
measure the accuracy began to drop. The Kohavi-Wolpert variance method is used
to measure the diversity of the ensemble. A method of voting is used to
aggregate the results from each classifier. The lowest error was observed at a
diversity measure of 0.16 with a mean square error of 0.274, when taking 0.2024
as maximum diversity measured. The parameters that were varied were: the number
of hidden nodes, learning rate and the activation function.
",['cs.LG'],2008,early
0804.4898,A Quadratic Loss Multi-Class SVM,"  Using a support vector machine requires to set two types of hyperparameters:
the soft margin parameter C and the parameters of the kernel. To perform this
model selection task, the method of choice is cross-validation. Its
leave-one-out variant is known to produce an estimator of the generalization
error which is almost unbiased. Its major drawback rests in its time
requirement. To overcome this difficulty, several upper bounds on the
leave-one-out error of the pattern recognition SVM have been derived. Among
those bounds, the most popular one is probably the radius-margin bound. It
applies to the hard margin pattern recognition SVM, and by extension to the
2-norm SVM. In this report, we introduce a quadratic loss M-SVM, the M-SVM^2,
as a direct extension of the 2-norm SVM to the multi-class case. For this
machine, a generalized radius-margin bound is then established.
",['cs.LG'],2008,early
0805.0149,On Recovery of Sparse Signals via $\ell_1$ Minimization,"  This article considers constrained $\ell_1$ minimization methods for the
recovery of high dimensional sparse signals in three settings: noiseless,
bounded error and Gaussian noise. A unified and elementary treatment is given
in these noise settings for two $\ell_1$ minimization methods: the Dantzig
selector and $\ell_1$ minimization with an $\ell_2$ constraint. The results of
this paper improve the existing results in the literature by weakening the
conditions and tightening the error bounds. The improvement on the conditions
shows that signals with larger support can be recovered accurately. This paper
also establishes connections between restricted isometry property and the
mutual incoherence property. Some results of Candes, Romberg and Tao (2006) and
Donoho, Elad, and Temlyakov (2006) are extended.
",['cs.LG'],2008,early
0805.2752,The Margitron: A Generalised Perceptron with Margin,"  We identify the classical Perceptron algorithm with margin as a member of a
broader family of large margin classifiers which we collectively call the
Margitron. The Margitron, (despite its) sharing the same update rule with the
Perceptron, is shown in an incremental setting to converge in a finite number
of updates to solutions possessing any desirable fraction of the maximum
margin. Experiments comparing the Margitron with decomposition SVMs on tasks
involving linear kernels and 2-norm soft margin are also reported.
",['cs.LG'],2008,early
0805.2775,Sample Selection Bias Correction Theory,"  This paper presents a theoretical analysis of sample selection bias
correction. The sample bias correction technique commonly used in machine
learning consists of reweighting the cost of an error on each training point of
a biased sample to more closely reflect the unbiased distribution. This relies
on weights derived by various estimation techniques based on finite samples. We
analyze the effect of an error in that estimation on the accuracy of the
hypothesis returned by the learning algorithm for two estimation techniques: a
cluster-based estimation technique and kernel mean matching. We also report the
results of sample bias correction experiments with several data sets using
these techniques. Our analysis is based on the novel concept of distributional
stability which generalizes the existing concept of point-based stability. Much
of our work and proof techniques can be used to analyze other importance
weighting techniques and their effect on accuracy when using a distributionally
stable algorithm.
",['cs.LG'],2008,early
0805.4290,From Data Topology to a Modular Classifier,"  This article describes an approach to designing a distributed and modular
neural classifier. This approach introduces a new hierarchical clustering that
enables one to determine reliable regions in the representation space by
exploiting supervised information. A multilayer perceptron is then associated
with each of these detected clusters and charged with recognizing elements of
the associated cluster while rejecting all others. The obtained global
classifier is comprised of a set of cooperating neural networks and completed
by a K-nearest neighbor classifier charged with treating elements rejected by
all the neural networks. Experimental results for the handwritten digit
recognition problem and comparison with neural and statistical nonmodular
classifiers are given.
",['cs.LG'],2008,early
0806.1156,"Utilisation des grammaires probabilistes dans les t\^aches de
  segmentation et d'annotation prosodique","  Nous pr\'esentons dans cette contribution une approche \`a la fois symbolique
et probabiliste permettant d'extraire l'information sur la segmentation du
signal de parole \`a partir d'information prosodique. Nous utilisons pour ce
faire des grammaires probabilistes poss\'edant une structure hi\'erarchique
minimale. La phase de construction des grammaires ainsi que leur pouvoir de
pr\'ediction sont \'evalu\'es qualitativement ainsi que quantitativement.
  -----
  Methodologically oriented, the present work sketches an approach for prosodic
information retrieval and speech segmentation, based on both symbolic and
probabilistic information. We have recourse to probabilistic grammars, within
which we implement a minimal hierarchical structure. Both the stages of
probabilistic grammar building and its testing in prediction are explored and
quantitatively and qualitatively evaluated.
",['cs.LG'],2008,early
0806.3537,Statistical Learning of Arbitrary Computable Classifiers,"  Statistical learning theory chiefly studies restricted hypothesis classes,
particularly those with finite Vapnik-Chervonenkis (VC) dimension. The
fundamental quantity of interest is the sample complexity: the number of
samples required to learn to a specified level of accuracy. Here we consider
learning over the set of all computable labeling functions. Since the
VC-dimension is infinite and a priori (uniform) bounds on the number of samples
are impossible, we let the learning algorithm decide when it has seen
sufficient samples to have learned. We first show that learning in this setting
is indeed possible, and develop a learning algorithm. We then show, however,
that bounding sample complexity independently of the distribution is
impossible. Notably, this impossibility is entirely due to the requirement that
the learning algorithm be computable, and not due to the statistical nature of
the problem.
",['cs.LG'],2008,early
0806.4210,Agnostically Learning Juntas from Random Walks,"  We prove that the class of functions g:{-1,+1}^n -> {-1,+1} that only depend
on an unknown subset of k<<n variables (so-called k-juntas) is agnostically
learnable from a random walk in time polynomial in n, 2^{k^2}, epsilon^{-k},
and log(1/delta). In other words, there is an algorithm with the claimed
running time that, given epsilon, delta > 0 and access to a random walk on
{-1,+1}^n labeled by an arbitrary function f:{-1,+1}^n -> {-1,+1}, finds with
probability at least 1-delta a k-junta that is (opt(f)+epsilon)-close to f,
where opt(f) denotes the distance of a closest k-junta to f.
",['cs.LG'],2008,early
0806.4422,"Computationally Efficient Estimators for Dimension Reductions Using
  Stable Random Projections","  The method of stable random projections is a tool for efficiently computing
the $l_\alpha$ distances using low memory, where $0<\alpha \leq 2$ is a tuning
parameter. The method boils down to a statistical estimation task and various
estimators have been proposed, based on the geometric mean, the harmonic mean,
and the fractional power etc.
  This study proposes the optimal quantile estimator, whose main operation is
selecting, which is considerably less expensive than taking fractional power,
the main operation in previous estimators. Our experiments report that the
optimal quantile estimator is nearly one order of magnitude more
computationally efficient than previous estimators. For large-scale learning
tasks in which storing and computing pairwise distances is a serious
bottleneck, this estimator should be desirable.
  In addition to its computational advantages, the optimal quantile estimator
exhibits nice theoretical properties. It is more accurate than previous
estimators when $\alpha>1$. We derive its theoretical error bounds and
establish the explicit (i.e., no hidden constants) sample complexity bound.
",['cs.LG'],2008,early
0806.4423,On Approximating the Lp Distances for p>2,"  Applications in machine learning and data mining require computing pairwise
Lp distances in a data matrix A. For massive high-dimensional data, computing
all pairwise distances of A can be infeasible. In fact, even storing A or all
pairwise distances of A in the memory may be also infeasible. This paper
proposes a simple method for p = 2, 4, 6, ... We first decompose the l_p (where
p is even) distances into a sum of 2 marginal norms and p-1 ``inner products''
at different orders. Then we apply normal or sub-Gaussian random projections to
approximate the resultant ``inner products,'' assuming that the marginal norms
can be computed exactly by a linear scan. We propose two strategies for
applying random projections. The basic projection strategy requires only one
projection matrix but it is more difficult to analyze, while the alternative
projection strategy requires p-1 projection matrices but its theoretical
analysis is much easier. In terms of the accuracy, at least for p=4, the basic
strategy is always more accurate than the alternative strategy if the data are
non-negative, which is common in reality.
",['cs.LG'],2008,early
0807.0093,Graph Kernels,"  We present a unified framework to study graph kernels, special cases of which
include the random walk graph kernel \citep{GaeFlaWro03,BorOngSchVisetal05},
marginalized graph kernel \citep{KasTsuIno03,KasTsuIno04,MahUedAkuPeretal04},
and geometric kernel on graphs \citep{Gaertner02}. Through extensions of linear
algebra to Reproducing Kernel Hilbert Spaces (RKHS) and reduction to a
Sylvester equation, we construct an algorithm that improves the time complexity
of kernel computation from $O(n^6)$ to $O(n^3)$. When the graphs are sparse,
conjugate gradient solvers or fixed-point iterations bring our algorithm into
the sub-cubic domain. Experiments on graphs from bioinformatics and other
application domains show that it is often more than a thousand times faster
than previous approaches. We then explore connections between diffusion kernels
\citep{KonLaf02}, regularization on graphs \citep{SmoKon03}, and graph kernels,
and use these connections to propose new graph kernels. Finally, we show that
rational kernels \citep{CorHafMoh02,CorHafMoh03,CorHafMoh04} when specialized
to graphs reduce to the random walk graph kernel.
",['cs.LG'],2008,early
0807.2983,"On Probability Distributions for Trees: Representations, Inference and
  Learning","  We study probability distributions over free algebras of trees. Probability
distributions can be seen as particular (formal power) tree series [Berstel et
al 82, Esik et al 03], i.e. mappings from trees to a semiring K . A widely
studied class of tree series is the class of rational (or recognizable) tree
series which can be defined either in an algebraic way or by means of
multiplicity tree automata. We argue that the algebraic representation is very
convenient to model probability distributions over a free algebra of trees.
First, as in the string case, the algebraic representation allows to design
learning algorithms for the whole class of probability distributions defined by
rational tree series. Note that learning algorithms for rational tree series
correspond to learning algorithms for weighted tree automata where both the
structure and the weights are learned. Second, the algebraic representation can
be easily extended to deal with unranked trees (like XML trees where a symbol
may have an unbounded number of children). Both properties are particularly
relevant for applications: nondeterministic automata are required for the
inference problem to be relevant (recall that Hidden Markov Models are
equivalent to nondeterministic string automata); nowadays applications for Web
Information Extraction, Web Services and document processing consider unranked
trees.
",['cs.LG'],2008,early
0807.4198,"Positive factor networks: A graphical framework for modeling
  non-negative sequential data","  We present a novel graphical framework for modeling non-negative sequential
data with hierarchical structure. Our model corresponds to a network of coupled
non-negative matrix factorization (NMF) modules, which we refer to as a
positive factor network (PFN). The data model is linear, subject to
non-negativity constraints, so that observation data consisting of an additive
combination of individually representable observations is also representable by
the network. This is a desirable property for modeling problems in
computational auditory scene analysis, since distinct sound sources in the
environment are often well-modeled as combining additively in the corresponding
magnitude spectrogram. We propose inference and learning algorithms that
leverage existing NMF algorithms and that are straightforward to implement. We
present a target tracking example and provide results for synthetic observation
data which serve to illustrate the interesting properties of PFNs and motivate
their potential usefulness in applications such as music transcription, source
separation, and speech recognition. We show how a target process characterized
by a hierarchical state transition model can be represented as a PFN. Our
results illustrate that a PFN which is defined in terms of a single target
observation can then be used to effectively track the states of multiple
simultaneous targets. Our results show that the quality of the inferred target
states degrades gradually as the observation noise is increased. We also
present results for an example in which meaningful hierarchical features are
extracted from a spectrogram. Such a hierarchical representation could be
useful for music transcription and source separation applications. We also
propose a network for language modeling.
",['cs.LG'],2008,early
0809.1590,When is there a representer theorem? Vector versus matrix regularizers,"  We consider a general class of regularization methods which learn a vector of
parameters on the basis of linear measurements. It is well known that if the
regularizer is a nondecreasing function of the inner product then the learned
vector is a linear combination of the input data. This result, known as the
{\em representer theorem}, is at the basis of kernel-based methods in machine
learning. In this paper, we prove the necessity of the above condition, thereby
completing the characterization of kernel methods based on regularization. We
further extend our analysis to regularization methods which learn a matrix, a
problem which is motivated by the application to multi-task learning. In this
context, we study a more general representer theorem, which holds for a larger
class of regularizers. We provide a necessary and sufficient condition for
these class of matrix regularizers and highlight them with some concrete
examples of practical importance. Our analysis uses basic principles from
matrix theory, especially the useful notion of matrix nondecreasing function.
",['cs.LG'],2008,early
0809.2085,Clustered Multi-Task Learning: A Convex Formulation,"  In multi-task learning several related tasks are considered simultaneously,
with the hope that by an appropriate sharing of information across tasks, each
task may benefit from the others. In the context of learning linear functions
for supervised classification or regression, this can be achieved by including
a priori information about the weight vectors associated with the tasks, and
how they are expected to be related to each other. In this paper, we assume
that tasks are clustered into groups, which are unknown beforehand, and that
tasks within a group have similar weight vectors. We design a new spectral norm
that encodes this a priori assumption, without the prior knowledge of the
partition of tasks into groups, resulting in a new convex optimization
formulation for multi-task learning. We show in simulations on synthetic
examples and on the IEDB MHC-I binding dataset, that our approach outperforms
well-known convex methods for multi-task learning, as well as related non
convex methods dedicated to the same problem.
",['cs.LG'],2008,early
0809.4632,Surrogate Learning - An Approach for Semi-Supervised Classification,"  We consider the task of learning a classifier from the feature space
$\mathcal{X}$ to the set of classes $\mathcal{Y} = \{0, 1\}$, when the features
can be partitioned into class-conditionally independent feature sets
$\mathcal{X}_1$ and $\mathcal{X}_2$. We show the surprising fact that the
class-conditional independence can be used to represent the original learning
task in terms of 1) learning a classifier from $\mathcal{X}_2$ to
$\mathcal{X}_1$ and 2) learning the class-conditional distribution of the
feature set $\mathcal{X}_1$. This fact can be exploited for semi-supervised
learning because the former task can be accomplished purely from unlabeled
samples. We present experimental evaluation of the idea in two real world
applications.
",['cs.LG'],2008,early
0810.4611,Learning Isometric Separation Maps,"  Maximum Variance Unfolding (MVU) and its variants have been very successful
in embedding data-manifolds in lower dimensional spaces, often revealing the
true intrinsic dimension. In this paper we show how to also incorporate
supervised class information into an MVU-like method without breaking its
convexity. We call this method the Isometric Separation Map and we show that
the resulting kernel matrix can be used as a binary/multiclass Support Vector
Machine-like method in a semi-supervised (transductive) framework. We also show
that the method always finds a kernel matrix that linearly separates the
training data exactly without projecting them in infinite dimensional spaces.
In traditional SVMs we choose a kernel and hope that the data become linearly
separable in the kernel space. In this paper we show how the hyperplane can be
chosen ad-hoc and the kernel is trained so that data are always linearly
separable. Comparisons with Large Margin SVMs show comparable performance.
",['cs.LG'],2008,early
0811.0139,"Entropy, Perception, and Relativity","  In this paper, I expand Shannon's definition of entropy into a new form of
entropy that allows integration of information from different random events.
Shannon's notion of entropy is a special case of my more general definition of
entropy. I define probability using a so-called performance function, which is
de facto an exponential distribution. Assuming that my general notion of
entropy reflects the true uncertainty about a probabilistic event, I understand
that our perceived uncertainty differs. I claim that our perception is the
result of two opposing forces similar to the two famous antagonists in Chinese
philosophy: Yin and Yang. Based on this idea, I show that our perceived
uncertainty matches the true uncertainty in points determined by the golden
ratio. I demonstrate that the well-known sigmoid function, which we typically
employ in artificial neural networks as a non-linear threshold function,
describes the actual performance. Furthermore, I provide a motivation for the
time dilation in Einstein's Special Relativity, basically claiming that
although time dilation conforms with our perception, it does not correspond to
reality. At the end of the paper, I show how to apply this theoretical
framework to practical applications. I present recognition rates for a pattern
recognition problem, and also propose a network architecture that can take
advantage of general entropy to solve complex decision problems.
",['cs.LG'],2008,early
0811.1629,Stability Bound for Stationary Phi-mixing and Beta-mixing Processes,"  Most generalization bounds in learning theory are based on some measure of
the complexity of the hypothesis class used, independently of any algorithm. In
contrast, the notion of algorithmic stability can be used to derive tight
generalization bounds that are tailored to specific learning algorithms by
exploiting their particular properties. However, as in much of learning theory,
existing stability analyses and bounds apply only in the scenario where the
samples are independently and identically distributed. In many machine learning
applications, however, this assumption does not hold. The observations received
by the learning algorithm often have some inherent temporal dependence.
  This paper studies the scenario where the observations are drawn from a
stationary phi-mixing or beta-mixing sequence, a widely adopted assumption in
the study of non-i.i.d. processes that implies a dependence between
observations weakening over time. We prove novel and distinct stability-based
generalization bounds for stationary phi-mixing and beta-mixing sequences.
These bounds strictly generalize the bounds given in the i.i.d. case and apply
to all stable learning algorithms, thereby extending the use of
stability-bounds to non-i.i.d. scenarios.
  We also illustrate the application of our phi-mixing generalization bounds to
general classes of learning algorithms, including Support Vector Regression,
Kernel Ridge Regression, and Support Vector Machines, and many other kernel
regularization-based and relative entropy-based regularization algorithms.
These novel bounds can thus be viewed as the first theoretical basis for the
use of these algorithms in non-i.i.d. scenarios.
",['cs.LG'],2008,early
0811.2016,Land Cover Mapping Using Ensemble Feature Selection Methods,"  Ensemble classification is an emerging approach to land cover mapping whereby
the final classification output is a result of a consensus of classifiers.
Intuitively, an ensemble system should consist of base classifiers which are
diverse i.e. classifiers whose decision boundaries err differently. In this
paper ensemble feature selection is used to impose diversity in ensembles. The
features of the constituent base classifiers for each ensemble were created
through an exhaustive search algorithm using different separability indices.
For each ensemble, the classification accuracy was derived as well as a
diversity measure purported to give a measure of the inensemble diversity. The
correlation between ensemble classification accuracy and diversity measure was
determined to establish the interplay between the two variables. From the
findings of this paper, diversity measures as currently formulated do not
provide an adequate means upon which to constitute ensembles for land cover
mapping.
",['cs.LG'],2008,early
0812.1357,A Novel Clustering Algorithm Based on Quantum Random Walk,"  The enormous successes have been made by quantum algorithms during the last
decade. In this paper, we combine the quantum random walk (QRW) with the
problem of data clustering, and develop two clustering algorithms based on the
one dimensional QRW. Then, the probability distributions on the positions
induced by QRW in these algorithms are investigated, which also indicates the
possibility of obtaining better results. Consequently, the experimental results
have demonstrated that data points in datasets are clustered reasonably and
efficiently, and the clustering algorithms are of fast rates of convergence.
Moreover, the comparison with other algorithms also provides an indication of
the effectiveness of the proposed approach.
",['cs.LG'],2008,early
0812.1869,Convex Sparse Matrix Factorizations,"  We present a convex formulation of dictionary learning for sparse signal
decomposition. Convexity is obtained by replacing the usual explicit upper
bound on the dictionary size by a convex rank-reducing term similar to the
trace norm. In particular, our formulation introduces an explicit trade-off
between size and sparsity of the decomposition of rectangular matrices. Using a
large set of synthetic examples, we compare the estimation abilities of the
convex and non-convex approaches, showing that while the convex formulation has
a single local minimum, this may lead in some cases to performance which is
inferior to the local minima of the non-convex formulation.
",['cs.LG'],2008,early
0812.3145,Binary Classification Based on Potentials,"  We introduce a simple and computationally trivial method for binary
classification based on the evaluation of potential functions. We demonstrate
that despite the conceptual and computational simplicity of the method its
performance can match or exceed that of standard Support Vector Machine
methods.
",['cs.LG'],2008,early
0812.3465,Linearly Parameterized Bandits,"  We consider bandit problems involving a large (possibly infinite) collection
of arms, in which the expected reward of each arm is a linear function of an
$r$-dimensional random vector $\mathbf{Z} \in \mathbb{R}^r$, where $r \geq 2$.
The objective is to minimize the cumulative regret and Bayes risk. When the set
of arms corresponds to the unit sphere, we prove that the regret and Bayes risk
is of order $\Theta(r \sqrt{T})$, by establishing a lower bound for an
arbitrary policy, and showing that a matching upper bound is obtained through a
policy that alternates between exploration and exploitation phases. The
phase-based policy is also shown to be effective if the set of arms satisfies a
strong convexity condition. For the case of a general set of arms, we describe
a near-optimal policy whose regret and Bayes risk admit upper bounds of the
form $O(r \sqrt{T} \log^{3/2} T)$.
",['cs.LG'],2008,early
0812.4952,Importance Weighted Active Learning,"  We present a practical and statistically consistent scheme for actively
learning binary classifiers under general loss functions. Our algorithm uses
importance weighting to correct sampling bias, and by controlling the variance,
we are able to give rigorous label complexity bounds for the learning process.
Experiments on passively labeled data show that this approach reduces the label
complexity required to achieve good predictive performance on many learning
problems.
",['cs.LG'],2008,early
0901.0753,"Distributed Preemption Decisions: Probabilistic Graphical Model,
  Algorithm and Near-Optimality","  Cooperative decision making is a vision of future network management and
control. Distributed connection preemption is an important example where nodes
can make intelligent decisions on allocating resources and controlling traffic
flows for multi-class service networks. A challenge is that nodal decisions are
spatially dependent as traffic flows trespass multiple nodes in a network.
Hence the performance-complexity trade-off becomes important, i.e., how
accurate decisions are versus how much information is exchanged among nodes.
Connection preemption is known to be NP-complete. Centralized preemption is
optimal but computationally intractable. Decentralized preemption is
computationally efficient but may result in a poor performance. This work
investigates distributed preemption where nodes decide whether and which flows
to preempt using only local information exchange with neighbors. We develop,
based on the probabilistic graphical models, a near-optimal distributed
algorithm. The algorithm is used by each node to make collectively near-optimal
preemption decisions. We study trade-offs between near-optimal performance and
complexity that corresponds to the amount of information-exchange of the
distributed algorithm. The algorithm is validated by both analysis and
simulation.
",['cs.LG'],2009,early
0901.2376,A Limit Theorem in Singular Regression Problem,"  In statistical problems, a set of parameterized probability distributions is
used to estimate the true probability distribution. If Fisher information
matrix at the true distribution is singular, then it has been left unknown what
we can estimate about the true distribution from random samples. In this paper,
we study a singular regression problem and prove a limit theorem which shows
the relation between the singular regression problem and two birational
invariants, a real log canonical threshold and a singular fluctuation. The
obtained theorem has an important application to statistics, because it enables
us to estimate the generalization error from the training error without any
knowledge of the true probability distribution.
",['cs.LG'],2009,early
0901.4012,"Cross-situational and supervised learning in the emergence of
  communication","  Scenarios for the emergence or bootstrap of a lexicon involve the repeated
interaction between at least two agents who must reach a consensus on how to
name N objects using H words. Here we consider minimal models of two types of
learning algorithms: cross-situational learning, in which the individuals
determine the meaning of a word by looking for something in common across all
observed uses of that word, and supervised operant conditioning learning, in
which there is strong feedback between individuals about the intended meaning
of the words. Despite the stark differences between these learning schemes, we
show that they yield the same communication accuracy in the realistic limits of
large N and H, which coincides with the result of the classical occupancy
problem of randomly assigning N objects to H words.
",['cs.LG'],2009,early
0902.1258,"Extraction de concepts sous contraintes dans des donn\'ees d'expression
  de g\`enes","  In this paper, we propose a technique to extract constrained formal concepts.
",['cs.LG'],2009,early
0902.1259,Database Transposition for Constrained (Closed) Pattern Mining,"  Recently, different works proposed a new way to mine patterns in databases
with pathological size. For example, experiments in genome biology usually
provide databases with thousands of attributes (genes) but only tens of objects
(experiments). In this case, mining the ""transposed"" database runs through a
smaller search space, and the Galois connection allows to infer the closed
patterns of the original database. We focus here on constrained pattern mining
for those unusual databases and give a theoretical framework for database and
constraint transposition. We discuss the properties of constraint transposition
and look into classical constraints. We then address the problem of generating
the closed patterns of the original database satisfying the constraint,
starting from those mined in the ""transposed"" database. Finally, we show how to
generate all the patterns satisfying the constraint from the closed ones.
",['cs.LG'],2009,early
0902.1284,Multi-Label Prediction via Compressed Sensing,"  We consider multi-label prediction problems with large output spaces under
the assumption of output sparsity -- that the target (label) vectors have small
support. We develop a general theory for a variant of the popular error
correcting output code scheme, using ideas from compressed sensing for
exploiting this sparsity. The method can be regarded as a simple reduction from
multi-label regression problems to binary regression problems. We show that the
number of subproblems need only be logarithmic in the total number of possible
labels, making this approach radically more efficient than others. We also
state and prove robustness guarantees for this method in the form of regret
transform bounds (in general), and also provide a more detailed analysis for
the linear prediction setting.
",['cs.LG'],2009,early
0902.3373,Learning rules from multisource data for cardiac monitoring,"  This paper formalises the concept of learning symbolic rules from multisource
data in a cardiac monitoring context. Our sources, electrocardiograms and
arterial blood pressure measures, describe cardiac behaviours from different
viewpoints. To learn interpretable rules, we use an Inductive Logic Programming
(ILP) method. We develop an original strategy to cope with the dimensionality
issues caused by using this ILP technique on a rich multisource language. The
results show that our method greatly improves the feasibility and the
efficiency of the process while staying accurate. They also confirm the
benefits of using multiple sources to improve the diagnosis of cardiac
arrhythmias.
",['cs.LG'],2009,early
0902.3846,Uniqueness of Low-Rank Matrix Completion by Rigidity Theory,"  The problem of completing a low-rank matrix from a subset of its entries is
often encountered in the analysis of incomplete data sets exhibiting an
underlying factor model with applications in collaborative filtering, computer
vision and control. Most recent work had been focused on constructing efficient
algorithms for exact or approximate recovery of the missing matrix entries and
proving lower bounds for the number of known entries that guarantee a
successful recovery with high probability. A related problem from both the
mathematical and algorithmic point of view is the distance geometry problem of
realizing points in a Euclidean space from a given subset of their pairwise
distances. Rigidity theory answers basic questions regarding the uniqueness of
the realization satisfying a given partial set of distances. We observe that
basic ideas and tools of rigidity theory can be adapted to determine uniqueness
of low-rank matrix completion, where inner products play the role that
distances play in rigidity theory. This observation leads to an efficient
randomized algorithm for testing both local and global unique completion.
Crucial to our analysis is a new matrix, which we call the completion matrix,
that serves as the analogue of the rigidity matrix.
",['cs.LG'],2009,early
0902.4127,Prediction with expert evaluators' advice,"  We introduce a new protocol for prediction with expert advice in which each
expert evaluates the learner's and his own performance using a loss function
that may change over time and may be different from the loss functions used by
the other experts. The learner's goal is to perform better or not much worse
than each expert, as evaluated by that expert, for all experts simultaneously.
If the loss functions used by the experts are all proper scoring rules and all
mixable, we show that the defensive forecasting algorithm enjoys the same
performance guarantee as that attainable by the Aggregating Algorithm in the
standard setting and known to be optimal. This result is also applied to the
case of ""specialist"" (or ""sleeping"") experts. In this case, the defensive
forecasting algorithm reduces to a simple modification of the Aggregating
Algorithm.
",['cs.LG'],2009,early
0902.4228,Multiplicative updates For Non-Negative Kernel SVM,"  We present multiplicative updates for solving hard and soft margin support
vector machines (SVM) with non-negative kernels. They follow as a natural
extension of the updates for non-negative matrix factorization. No additional
param- eter setting, such as choosing learning, rate is required. Ex- periments
demonstrate rapid convergence to good classifiers. We analyze the rates of
asymptotic convergence of the up- dates and establish tight bounds. We test the
performance on several datasets using various non-negative kernels and report
equivalent generalization errors to that of a standard SVM.
",['cs.LG'],2009,early
0903.1125,Efficient Human Computation,"  Collecting large labeled data sets is a laborious and expensive task, whose
scaling up requires division of the labeling workload between many teachers.
When the number of classes is large, miscorrespondences between the labels
given by the different teachers are likely to occur, which, in the extreme
case, may reach total inconsistency. In this paper we describe how globally
consistent labels can be obtained, despite the absence of teacher coordination,
and discuss the possible efficiency of this process in terms of human labor. We
define a notion of label efficiency, measuring the ratio between the number of
globally consistent labels obtained and the number of labels provided by
distributed teachers. We show that the efficiency depends critically on the
ratio alpha between the number of data instances seen by a single teacher, and
the number of classes. We suggest several algorithms for the distributed
labeling problem, and analyze their efficiency as a function of alpha. In
addition, we provide an upper bound on label efficiency for the case of
completely uncoordinated teachers, and show that efficiency approaches 0 as the
ratio between the number of labels each teacher provides and the number of
classes drops (i.e. alpha goes to 0).
",['cs.LG'],2009,early
0903.2870,On $p$-adic Classification,"  A $p$-adic modification of the split-LBG classification method is presented
in which first clusterings and then cluster centers are computed which locally
minimise an energy function. The outcome for a fixed dataset is independent of
the prime number $p$ with finitely many exceptions. The methods are applied to
the construction of $p$-adic classifiers in the context of learning.
",['cs.LG'],2009,early
0904.0814,"Stability Analysis and Learning Bounds for Transductive Regression
  Algorithms","  This paper uses the notion of algorithmic stability to derive novel
generalization bounds for several families of transductive regression
algorithms, both by using convexity and closed-form solutions. Our analysis
helps compare the stability of these algorithms. It also shows that a number of
widely used transductive regression algorithms are in fact unstable. Finally,
it reports the results of experiments with local transductive regression
demonstrating the benefit of our stability bounds for model selection, for one
of the algorithms, in particular for determining the radius of the local
neighborhood used by the algorithm.
",['cs.LG'],2009,early
0904.2160,Inferring Dynamic Bayesian Networks using Frequent Episode Mining,"  Motivation: Several different threads of research have been proposed for
modeling and mining temporal data. On the one hand, approaches such as dynamic
Bayesian networks (DBNs) provide a formal probabilistic basis to model
relationships between time-indexed random variables but these models are
intractable to learn in the general case. On the other, algorithms such as
frequent episode mining are scalable to large datasets but do not exhibit the
rigorous probabilistic interpretations that are the mainstay of the graphical
models literature.
  Results: We present a unification of these two seemingly diverse threads of
research, by demonstrating how dynamic (discrete) Bayesian networks can be
inferred from the results of frequent episode mining. This helps bridge the
modeling emphasis of the former with the counting emphasis of the latter.
First, we show how, under reasonable assumptions on data characteristics and on
influences of random variables, the optimal DBN structure can be computed using
a greedy, local, algorithm. Next, we connect the optimality of the DBN
structure with the notion of fixed-delay episodes and their counts of distinct
occurrences. Finally, to demonstrate the practical feasibility of our approach,
we focus on a specific (but broadly applicable) class of networks, called
excitatory networks, and show how the search for the optimal DBN structure can
be conducted using just information from frequent episodes. Application on
datasets gathered from mathematical models of spiking neurons as well as real
neuroscience datasets are presented.
  Availability: Algorithmic implementations, simulator codebases, and datasets
are available from our website at http://neural-code.cs.vt.edu/dbn
",['cs.LG'],2009,early
0904.3664,Introduction to Machine Learning: Class Notes 67577,"  Introduction to Machine learning covering Statistical Inference (Bayes, EM,
ML/MaxEnt duality), algebraic and spectral methods (PCA, LDA, CCA, Clustering),
and PAC learning (the Formal model, VC dimension, Double Sampling theorem).
",['cs.LG'],2009,early
0904.4527,"Limits of Learning about a Categorical Latent Variable under Prior
  Near-Ignorance","  In this paper, we consider the coherent theory of (epistemic) uncertainty of
Walley, in which beliefs are represented through sets of probability
distributions, and we focus on the problem of modeling prior ignorance about a
categorical random variable. In this setting, it is a known result that a state
of prior ignorance is not compatible with learning. To overcome this problem,
another state of beliefs, called \emph{near-ignorance}, has been proposed.
Near-ignorance resembles ignorance very closely, by satisfying some principles
that can arguably be regarded as necessary in a state of ignorance, and allows
learning to take place. What this paper does, is to provide new and substantial
evidence that also near-ignorance cannot be really regarded as a way out of the
problem of starting statistical inference in conditions of very weak beliefs.
The key to this result is focusing on a setting characterized by a variable of
interest that is \emph{latent}. We argue that such a setting is by far the most
common case in practice, and we provide, for the case of categorical latent
variables (and general \emph{manifest} variables) a condition that, if
satisfied, prevents learning to take place under prior near-ignorance. This
condition is shown to be easily satisfied even in the most common statistical
problems. We regard these results as a strong form of evidence against the
possibility to adopt a condition of prior near-ignorance in real statistical
problems.
",['cs.LG'],2009,early
0904.4608,"Temporal data mining for root-cause analysis of machine faults in
  automotive assembly lines","  Engine assembly is a complex and heavily automated distributed-control
process, with large amounts of faults data logged everyday. We describe an
application of temporal data mining for analyzing fault logs in an engine
assembly plant. Frequent episode discovery framework is a model-free method
that can be used to deduce (temporal) correlations among events from the logs
in an efficient manner. In addition to being theoretically elegant and
computationally efficient, frequent episodes are also easy to interpret in the
form actionable recommendations. Incorporation of domain-specific information
is critical to successful application of the method for analyzing fault logs in
the manufacturing domain. We show how domain-specific knowledge can be
incorporated using heuristic rules that act as pre-filters and post-filters to
frequent episode discovery. The system described here is currently being used
in one of the engine assembly plants of General Motors and is planned for
adaptation in other plants. To the best of our knowledge, this paper presents
the first real, large-scale application of temporal data mining in the
manufacturing domain. We believe that the ideas presented in this paper can
help practitioners engineer tools for analysis in other similar or related
application domains as well.
",['cs.LG'],2009,early
0905.2347,Combining Supervised and Unsupervised Learning for GIS Classification,"  This paper presents a new hybrid learning algorithm for unsupervised
classification tasks. We combined Fuzzy c-means learning algorithm and a
supervised version of Minimerror to develop a hybrid incremental strategy
allowing unsupervised classifications. We applied this new approach to a
real-world database in order to know if the information contained in unlabeled
features of a Geographic Information System (GIS), allows to well classify it.
Finally, we compared our results to a classical supervised classification
obtained by a multilayer perceptron.
",['cs.LG'],2009,early
0905.2997,Average-Case Active Learning with Costs,"  We analyze the expected cost of a greedy active learning algorithm. Our
analysis extends previous work to a more general setting in which different
queries have different costs. Moreover, queries may have more than two possible
responses and the distribution over hypotheses may be non uniform. Specific
applications include active learning with label costs, active learning for
multiclass and partial label queries, and batch mode active learning. We also
discuss an approximate version of interest when there are very many queries.
",['cs.LG'],2009,early
0905.4022,Transfer Learning Using Feature Selection,"  We present three related ways of using Transfer Learning to improve feature
selection. The three methods address different problems, and hence share
different kinds of information between tasks or feature classes, but all three
are based on the information theoretic Minimum Description Length (MDL)
principle and share the same underlying Bayesian interpretation. The first
method, MIC, applies when predictive models are to be built simultaneously for
multiple tasks (``simultaneous transfer'') that share the same set of features.
MIC allows each feature to be added to none, some, or all of the task models
and is most beneficial for selecting a small set of predictive features from a
large pool of features, as is common in genomic and biological datasets. Our
second method, TPC (Three Part Coding), uses a similar methodology for the case
when the features can be divided into feature classes. Our third method,
Transfer-TPC, addresses the ``sequential transfer'' problem in which the task
to which we want to transfer knowledge may not be known in advance and may have
different amounts of data than the other tasks. Transfer-TPC is most beneficial
when we want to transfer knowledge between tasks which have unequal amounts of
labeled data, for example the data for disambiguating the senses of different
verbs. We demonstrate the effectiveness of these approaches with experimental
results on real world data pertaining to genomics and to Word Sense
Disambiguation (WSD).
",['cs.LG'],2009,early
0906.0211,"Equations of States in Statistical Learning for a Nonparametrizable and
  Regular Case","  Many learning machines that have hierarchical structure or hidden variables
are now being used in information science, artificial intelligence, and
bioinformatics. However, several learning machines used in such fields are not
regular but singular statistical models, hence their generalization performance
is still left unknown. To overcome these problems, in the previous papers, we
proved new equations in statistical learning, by which we can estimate the
Bayes generalization loss from the Bayes training loss and the functional
variance, on the condition that the true distribution is a singularity
contained in a learning machine. In this paper, we prove that the same
equations hold even if a true distribution is not contained in a parametric
model. Also we prove that, the proposed equations in a regular case are
asymptotically equivalent to the Takeuchi information criterion. Therefore, the
proposed equations are always applicable without any condition on the unknown
true distribution.
",['cs.LG'],2009,early
0906.0470,An optimal linear separator for the Sonar Signals Classification task,"  The problem of classifying sonar signals from rocks and mines first studied
by Gorman and Sejnowski has become a benchmark against which many learning
algorithms have been tested. We show that both the training set and the test
set of this benchmark are linearly separable, although with different
hyperplanes. Moreover, the complete set of learning and test patterns together,
is also linearly separable. We give the weights that separate these sets, which
may be used to compare results found by other algorithms.
",['cs.LG'],2009,early
0906.2635,"Bayesian History Reconstruction of Complex Human Gene Clusters on a
  Phylogeny","  Clusters of genes that have evolved by repeated segmental duplication present
difficult challenges throughout genomic analysis, from sequence assembly to
functional analysis. Improved understanding of these clusters is of utmost
importance, since they have been shown to be the source of evolutionary
innovation, and have been linked to multiple diseases, including HIV and a
variety of cancers. Previously, Zhang et al. (2008) developed an algorithm for
reconstructing parsimonious evolutionary histories of such gene clusters, using
only human genomic sequence data. In this paper, we propose a probabilistic
model for the evolution of gene clusters on a phylogeny, and an MCMC algorithm
for reconstruction of duplication histories from genomic sequences in multiple
species. Several projects are underway to obtain high quality BAC-based
assemblies of duplicated clusters in multiple species, and we anticipate that
our method will be useful in analyzing these valuable new data sets.
",['cs.LG'],2009,early
0906.4032,Bayesian two-sample tests,"  In this paper, we present two classes of Bayesian approaches to the
two-sample problem. Our first class of methods extends the Bayesian t-test to
include all parametric models in the exponential family and their conjugate
priors. Our second class of methods uses Dirichlet process mixtures (DPM) of
such conjugate-exponential distributions as flexible nonparametric priors over
the unknown distributions.
",['cs.LG'],2009,early
0906.4663,"Acquiring Knowledge for Evaluation of Teachers Performance in Higher
  Education using a Questionnaire","  In this paper, we present the step by step knowledge acquisition process by
choosing a structured method through using a questionnaire as a knowledge
acquisition tool. Here we want to depict the problem domain as, how to evaluate
teachers performance in higher education through the use of expert system
technology. The problem is how to acquire the specific knowledge for a selected
problem efficiently and effectively from human experts and encode it in the
suitable computer format. Acquiring knowledge from human experts in the process
of expert systems development is one of the most common problems cited till
yet. This questionnaire was sent to 87 domain experts within all public and
private universities in Pakistani. Among them 25 domain experts sent their
valuable opinions. Most of the domain experts were highly qualified, well
experienced and highly responsible persons. The whole questionnaire was divided
into 15 main groups of factors, which were further divided into 99 individual
questions. These facts were analyzed further to give a final shape to the
questionnaire. This knowledge acquisition technique may be used as a learning
tool for further research work.
",['cs.LG'],2009,early
0906.5151,Unsupervised Search-based Structured Prediction,"  We describe an adaptation and application of a search-based structured
prediction algorithm ""Searn"" to unsupervised learning problems. We show that it
is possible to reduce unsupervised learning to supervised learning and
demonstrate a high-quality unsupervised shift-reduce parsing model. We
additionally show a close connection between unsupervised Searn and expectation
maximization. Finally, we demonstrate the efficacy of a semi-supervised
extension. The key idea that enables this is an application of the predict-self
idea for unsupervised learning.
",['cs.LG'],2009,early
0907.0453,Random DFAs are Efficiently PAC Learnable,"  This paper has been withdrawn due to an error found by Dana Angluin and Lev
Reyzin.
",['cs.LG'],2009,early
0907.0783,Bayesian Multitask Learning with Latent Hierarchies,"  We learn multiple hypotheses for related tasks under a latent hierarchical
relationship between tasks. We exploit the intuition that for domain
adaptation, we wish to share classifier structure, but for multitask learning,
we wish to share covariance structure. Our hierarchical model is seen to
subsume several previously proposed multitask learning models and performs well
on three distinct real-world data sets.
",['cs.LG'],2009,early
0907.0808,"A Bayesian Model for Supervised Clustering with the Dirichlet Process
  Prior","  We develop a Bayesian framework for tackling the supervised clustering
problem, the generic problem encountered in tasks such as reference matching,
coreference resolution, identity uncertainty and record linkage. Our clustering
model is based on the Dirichlet process prior, which enables us to define
distributions over the countably infinite sets that naturally arise in this
problem. We add supervision to our model by positing the existence of a set of
unobserved random variables (we call these ""reference types"") that are generic
across all clusters. Inference in our framework, which requires integrating
over infinitely many parameters, is solved using Markov chain Monte Carlo
techniques. We present algorithms for both conjugate and non-conjugate priors.
We present a simple--but general--parameterization of our model based on a
Gaussian assumption. We evaluate this model on one artificial task and three
real-world tasks, comparing it against both unsupervised and state-of-the-art
supervised algorithms. Our results show that our model is able to outperform
other models across a variety of tasks and performance metrics.
",['cs.LG'],2009,early
0907.1812,Fast search for Dirichlet process mixture models,"  Dirichlet process (DP) mixture models provide a flexible Bayesian framework
for density estimation. Unfortunately, their flexibility comes at a cost:
inference in DP mixture models is computationally expensive, even when
conjugate distributions are used. In the common case when one seeks only a
maximum a posteriori assignment of data points to clusters, we show that search
algorithms provide a practical alternative to expensive MCMC and variational
techniques. When a true posterior sample is desired, the solution found by
search can serve as a good initializer for MCMC. Experimental results show that
using these techniques is it possible to apply DP mixture models to very large
data sets.
",['cs.LG'],2009,early
0908.0939,Clustering for Improved Learning in Maze Traversal Problem,"  The maze traversal problem (finding the shortest distance to the goal from
any position in a maze) has been an interesting challenge in computational
intelligence. Recent work has shown that the cellular simultaneous recurrent
neural network (CSRN) can solve this problem for simple mazes. This thesis
focuses on exploiting relevant information about the maze to improve learning
and decrease the training time for the CSRN to solve mazes. Appropriate
variables are identified to create useful clusters using relevant information.
The CSRN was next modified to allow for an additional external input. With this
additional input, several methods were tested and results show that clustering
the mazes improves the overall learning of the traversal problem for the CSRN.
",['cs.LG'],2009,early
0909.3609,Randomized Algorithms for Large scale SVMs,"  We propose a randomized algorithm for training Support vector machines(SVMs)
on large datasets. By using ideas from Random projections we show that the
combinatorial dimension of SVMs is $O({log} n)$ with high probability. This
estimate of combinatorial dimension is used to derive an iterative algorithm,
called RandSVM, which at each step calls an existing solver to train SVMs on a
randomly chosen subset of size $O({log} n)$. The algorithm has probabilistic
guarantees and is capable of training SVMs with Kernels for both classification
and regression problems. Experiments done on synthetic and real life data sets
demonstrate that the algorithm scales up existing SVM learners, without loss of
accuracy.
",['cs.LG'],2009,early
0909.4603,Scalable Inference for Latent Dirichlet Allocation,"  We investigate the problem of learning a topic model - the well-known Latent
Dirichlet Allocation - in a distributed manner, using a cluster of C processors
and dividing the corpus to be learned equally among them. We propose a simple
approximated method that can be tuned, trading speed for accuracy according to
the task at hand. Our approach is asynchronous, and therefore suitable for
clusters of heterogenous machines.
",['cs.LG'],2009,early
0910.0349,Post-Processing of Discovered Association Rules Using Ontologies,"  In Data Mining, the usefulness of association rules is strongly limited by
the huge amount of delivered rules. In this paper we propose a new approach to
prune and filter discovered rules. Using Domain Ontologies, we strengthen the
integration of user knowledge in the post-processing task. Furthermore, an
interactive and iterative framework is designed to assist the user along the
analyzing task. On the one hand, we represent user domain knowledge using a
Domain Ontology over database. On the other hand, a novel technique is
suggested to prune and to filter discovered rules. The proposed framework was
applied successfully over the client database provided by Nantes Habitat.
",['cs.LG'],2009,early
0910.0668,"Variable sigma Gaussian processes: An expectation propagation
  perspective","  Gaussian processes (GPs) provide a probabilistic nonparametric representation
of functions in regression, classification, and other problems. Unfortunately,
exact learning with GPs is intractable for large datasets. A variety of
approximate GP methods have been proposed that essentially map the large
dataset into a small set of basis points. The most advanced of these, the
variable-sigma GP (VSGP) (Walder et al., 2008), allows each basis point to have
its own length scale. However, VSGP was only derived for regression. We
describe how VSGP can be applied to classification and other problems, by
deriving it as an expectation propagation algorithm. In this view, sparse GP
approximations correspond to a KL-projection of the true posterior onto a
compact exponential family of GPs. VSGP constitutes one such family, and we
show how to enlarge this family to get additional accuracy. In particular, we
show that endowing each basis point with its own full covariance matrix
provides a significant increase in approximation power.
",['cs.LG'],2009,early
0910.2540,Effectiveness and Limitations of Statistical Spam Filters,"  In this paper we discuss the techniques involved in the design of the famous
statistical spam filters that include Naive Bayes, Term Frequency-Inverse
Document Frequency, K-Nearest Neighbor, Support Vector Machine, and Bayes
Additive Regression Tree. We compare these techniques with each other in terms
of accuracy, recall, precision, etc. Further, we discuss the effectiveness and
limitations of statistical filters in filtering out various types of spam from
legitimate e-mails.
",['cs.LG'],2009,early
0910.4683,Competing with Gaussian linear experts,"  We study the problem of online regression. We prove a theoretical bound on
the square loss of Ridge Regression. We do not make any assumptions about input
vectors or outcomes. We also show that Bayesian Ridge Regression can be thought
of as an online algorithm competing with all the Gaussian linear experts.
",['cs.LG'],2009,early
0910.5461,Anomaly Detection with Score functions based on Nearest Neighbor Graphs,"  We propose a novel non-parametric adaptive anomaly detection algorithm for
high dimensional data based on score functions derived from nearest neighbor
graphs on $n$-point nominal data. Anomalies are declared whenever the score of
a test sample falls below $\alpha$, which is supposed to be the desired false
alarm level. The resulting anomaly detector is shown to be asymptotically
optimal in that it is uniformly most powerful for the specified false alarm
level, $\alpha$, for the case when the anomaly density is a mixture of the
nominal and a known density. Our algorithm is computationally efficient, being
linear in dimension and quadratic in data size. It does not require choosing
complicated tuning parameters or function approximation classes and it can
adapt to local structure such as local change in dimensionality. We demonstrate
the algorithm on both artificial and real data sets in high dimensional feature
spaces.
",['cs.LG'],2009,early
0911.0225,"A Mirroring Theorem and its Application to a New Method of Unsupervised
  Hierarchical Pattern Classification","  In this paper, we prove a crucial theorem called Mirroring Theorem which
affirms that given a collection of samples with enough information in it such
that it can be classified into classes and subclasses then (i) There exists a
mapping which classifies and subclassifies these samples (ii) There exists a
hierarchical classifier which can be constructed by using Mirroring Neural
Networks (MNNs) in combination with a clustering algorithm that can approximate
this mapping. Thus, the proof of the Mirroring theorem provides a theoretical
basis for the existence and a practical feasibility of constructing
hierarchical classifiers, given the maps. Our proposed Mirroring Theorem can
also be considered as an extension to Kolmogrovs theorem in providing a
realistic solution for unsupervised classification. The techniques we develop,
are general in nature and have led to the construction of learning machines
which are (i) tree like in structure, (ii) modular (iii) with each module
running on a common algorithm (tandem algorithm) and (iv) selfsupervised. We
have actually built the architecture, developed the tandem algorithm of such a
hierarchical classifier and demonstrated it on an example problem.
",['cs.LG'],2009,early
0911.2904,"Sequential anomaly detection in the presence of noise and limited
  feedback","  This paper describes a methodology for detecting anomalies from sequentially
observed and potentially noisy data. The proposed approach consists of two main
elements: (1) {\em filtering}, or assigning a belief or likelihood to each
successive measurement based upon our ability to predict it from previous noisy
observations, and (2) {\em hedging}, or flagging potential anomalies by
comparing the current belief against a time-varying and data-adaptive
threshold. The threshold is adjusted based on the available feedback from an
end user. Our algorithms, which combine universal prediction with recent work
on online convex programming, do not require computing posterior distributions
given all current observations and involve simple primal-dual parameter
updates. At the heart of the proposed approach lie exponential-family models
which can be used in a wide variety of contexts and applications, and which
yield methods that achieve sublinear per-round regret against both static and
slowly varying product distributions with marginals drawn from the same
exponential family. Moreover, the regret against static distributions coincides
with the minimax value of the corresponding online strongly convex game. We
also prove bounds on the number of mistakes made during the hedging step
relative to the best offline choice of the threshold with access to all
estimated beliefs and feedback signals. We validate the theory on synthetic
data drawn from a time-varying distribution over binary vectors of high
dimensionality, as well as on the Enron email dataset.
",['cs.LG'],2009,early
0911.3304,Keystroke Dynamics Authentication For Collaborative Systems,"  We present in this paper a study on the ability and the benefits of using a
keystroke dynamics authentication method for collaborative systems.
Authentication is a challenging issue in order to guarantee the security of use
of collaborative systems during the access control step. Many solutions exist
in the state of the art such as the use of one time passwords or smart-cards.
We focus in this paper on biometric based solutions that do not necessitate any
additional sensor. Keystroke dynamics is an interesting solution as it uses
only the keyboard and is invisible for users. Many methods have been published
in this field. We make a comparative study of many of them considering the
operational constraints of use for collaborative systems.
",['cs.LG'],2009,early
0911.4863,Statistical exponential families: A digest with flash cards,"  This document describes concisely the ubiquitous class of exponential family
distributions met in statistics. The first part recalls definitions and
summarizes main properties and duality with Bregman divergences (all proofs are
skipped). The second part lists decompositions and related formula of common
exponential family distributions. We recall the Fisher-Rao-Riemannian
geometries and the dual affine connection information geometries of statistical
manifolds. It is intended to maintain and update this document and catalog by
adding new distribution items.
",['cs.LG'],2009,early
0912.0086,Learning Mixtures of Gaussians using the k-means Algorithm,"  One of the most popular algorithms for clustering in Euclidean space is the
$k$-means algorithm; $k$-means is difficult to analyze mathematically, and few
theoretical guarantees are known about it, particularly when the data is {\em
well-clustered}. In this paper, we attempt to fill this gap in the literature
by analyzing the behavior of $k$-means on well-clustered data. In particular,
we study the case when each cluster is distributed as a different Gaussian --
or, in other words, when the input comes from a mixture of Gaussians.
  We analyze three aspects of the $k$-means algorithm under this assumption.
First, we show that when the input comes from a mixture of two spherical
Gaussians, a variant of the 2-means algorithm successfully isolates the
subspace containing the means of the mixture components. Second, we show an
exact expression for the convergence of our variant of the 2-means algorithm,
when the input is a very large number of samples from a mixture of spherical
Gaussians. Our analysis does not require any lower bound on the separation
between the mixture components.
  Finally, we study the sample requirement of $k$-means; for a mixture of 2
spherical Gaussians, we show an upper bound on the number of samples required
by a variant of 2-means to get close to the true solution. The sample
requirement grows with increasing dimensionality of the data, and decreasing
separation between the means of the Gaussians. To match our upper bound, we
show an information-theoretic lower bound on any algorithm that learns mixtures
of two spherical Gaussians; our lower bound indicates that in the case when the
overlap between the probability masses of the two distributions is small, the
sample requirement of $k$-means is {\em near-optimal}.
",['cs.LG'],2009,early
0912.1198,"Delay-Optimal Power and Subcarrier Allocation for OFDMA Systems via
  Stochastic Approximation","  In this paper, we consider delay-optimal power and subcarrier allocation
design for OFDMA systems with $N_F$ subcarriers, $K$ mobiles and one base
station. There are $K$ queues at the base station for the downlink traffic to
the $K$ mobiles with heterogeneous packet arrivals and delay requirements. We
shall model the problem as a $K$-dimensional infinite horizon average reward
Markov Decision Problem (MDP) where the control actions are assumed to be a
function of the instantaneous Channel State Information (CSI) as well as the
joint Queue State Information (QSI). This problem is challenging because it
corresponds to a stochastic Network Utility Maximization (NUM) problem where
general solution is still unknown. We propose an {\em online stochastic value
iteration} solution using {\em stochastic approximation}. The proposed power
control algorithm, which is a function of both the CSI and the QSI, takes the
form of multi-level water-filling. We prove that under two mild conditions in
Theorem 1 (One is the stepsize condition. The other is the condition on
accessibility of the Markov Chain, which can be easily satisfied in most of the
cases we are interested.), the proposed solution converges to the optimal
solution almost surely (with probability 1) and the proposed framework offers a
possible solution to the general stochastic NUM problem. By exploiting the
birth-death structure of the queue dynamics, we obtain a reduced complexity
decomposed solution with linear $\mathcal{O}(KN_F)$ complexity and
$\mathcal{O}(K)$ memory requirement.
",['cs.LG'],2009,early
0912.1822,"Association Rule Pruning based on Interestingness Measures with
  Clustering","  Association rule mining plays vital part in knowledge mining. The difficult
task is discovering knowledge or useful rules from the large number of rules
generated for reduced support. For pruning or grouping rules, several
techniques are used such as rule structure cover methods, informative cover
methods, rule clustering, etc. Another way of selecting association rules is
based on interestingness measures such as support, confidence, correlation, and
so on. In this paper, we study how rule clusters of the pattern Xi - Y are
distributed over different interestingness measures.
",['cs.LG'],2009,early
0912.2314,Early Detection of Breast Cancer using SVM Classifier Technique,"  This paper presents a tumor detection algorithm from mammogram. The proposed
system focuses on the solution of two problems. One is how to detect tumors as
suspicious regions with a very weak contrast to their background and another is
how to extract features which categorize tumors. The tumor detection method
follows the scheme of (a) mammogram enhancement. (b) The segmentation of the
tumor area. (c) The extraction of features from the segmented tumor area. (d)
The use of SVM classifier. The enhancement can be defined as conversion of the
image quality to a better and more understandable level. The mammogram
enhancement procedure includes filtering, top hat operation, DWT. Then the
contrast stretching is used to increase the contrast of the image. The
segmentation of mammogram images has been playing an important role to improve
the detection and diagnosis of breast cancer. The most common segmentation
method used is thresholding. The features are extracted from the segmented
breast area. Next stage include, which classifies the regions using the SVM
classifier. The method was tested on 75 mammographic images, from the mini-MIAS
database. The methodology achieved a sensitivity of 88.75%.
",['cs.LG'],2009,early
0912.3983,"Performance Analysis of AIM-K-means & K-means in Quality Cluster
  Generation","  Among all the partition based clustering algorithms K-means is the most
popular and well known method. It generally shows impressive results even in
considerably large data sets. The computational complexity of K-means does not
suffer from the size of the data set. The main disadvantage faced in performing
this clustering is that the selection of initial means. If the user does not
have adequate knowledge about the data set, it may lead to erroneous results.
The algorithm Automatic Initialization of Means (AIM), which is an extension to
K-means, has been proposed to overcome the problem of initial mean generation.
In this paper an attempt has been made to compare the performance of the
algorithms through implementation
",['cs.LG'],2009,early
0912.3995,"Gaussian Process Optimization in the Bandit Setting: No Regret and
  Experimental Design","  Many applications require optimizing an unknown, noisy function that is
expensive to evaluate. We formalize this task as a multi-armed bandit problem,
where the payoff function is either sampled from a Gaussian process (GP) or has
low RKHS norm. We resolve the important open problem of deriving regret bounds
for this setting, which imply novel convergence rates for GP optimization. We
analyze GP-UCB, an intuitive upper-confidence based algorithm, and bound its
cumulative regret in terms of maximal information gain, establishing a novel
connection between GP optimization and experimental design. Moreover, by
bounding the latter in terms of operator spectra, we obtain explicit sublinear
regret bounds for many commonly used covariance functions. In some important
cases, our bounds have surprisingly weak dependence on the dimensionality. In
our experiments on real sensor data, GP-UCB compares favorably with other
heuristical GP optimization approaches.
",['cs.LG'],2009,early
cs/0001004,"Multiplicative Algorithm for Orthgonal Groups and Independent Component
  Analysis","  The multiplicative Newton-like method developed by the author et al. is
extended to the situation where the dynamics is restricted to the orthogonal
group. A general framework is constructed without specifying the cost function.
Though the restriction to the orthogonal groups makes the problem somewhat
complicated, an explicit expression for the amount of individual jumps is
obtained. This algorithm is exactly second-order-convergent. The global
instability inherent in the Newton method is remedied by a
Levenberg-Marquardt-type variation. The method thus constructed can readily be
applied to the independent component analysis. Its remarkable performance is
illustrated by a numerical simulation.
",['cs.LG'],2000,early
cs/0002006,Multiplicative Nonholonomic/Newton -like Algorithm,"  We construct new algorithms from scratch, which use the fourth order cumulant
of stochastic variables for the cost function. The multiplicative updating rule
here constructed is natural from the homogeneous nature of the Lie group and
has numerous merits for the rigorous treatment of the dynamics. As one
consequence, the second order convergence is shown. For the cost function,
functions invariant under the componentwise scaling are choosen. By identifying
points which can be transformed to each other by the scaling, we assume that
the dynamics is in a coset space. In our method, a point can move toward any
direction in this coset. Thus, no prewhitening is required.
",['cs.LG'],2000,early
cs/0009001,Complexity analysis for algorithmically simple strings,"  Given a reference computer, Kolmogorov complexity is a well defined function
on all binary strings. In the standard approach, however, only the asymptotic
properties of such functions are considered because they do not depend on the
reference computer. We argue that this approach can be more useful if it is
refined to include an important practical case of simple binary strings.
Kolmogorov complexity calculus may be developed for this case if we restrict
the class of available reference computers. The interesting problem is to
define a class of computers which is restricted in a {\it natural} way modeling
the real-life situation where only a limited class of computers is physically
available to us. We give an example of what such a natural restriction might
look like mathematically, and show that under such restrictions some error
terms, even logarithmic in complexity, can disappear from the standard
complexity calculus.
  Keywords: Kolmogorov complexity; Algorithmic information theory.
",['cs.LG'],2000,early
cs/0009007,Robust Classification for Imprecise Environments,"  In real-world environments it usually is difficult to specify target
operating conditions precisely, for example, target misclassification costs.
This uncertainty makes building robust classification systems problematic. We
show that it is possible to build a hybrid classifier that will perform at
least as well as the best available classifier for any target conditions. In
some cases, the performance of the hybrid actually can surpass that of the best
known classifier. This robust performance extends across a wide variety of
comparison frameworks, including the optimization of metrics such as accuracy,
expected cost, lift, precision, recall, and workforce utilization. The hybrid
also is efficient to build, to store, and to update. The hybrid is based on a
method for the comparison of classifier performance that is robust to imprecise
class distributions and misclassification costs. The ROC convex hull (ROCCH)
method combines techniques from ROC analysis, decision analysis and
computational geometry, and adapts them to the particulars of analyzing learned
classifiers. The method is efficient and incremental, minimizes the management
of classifier performance data, and allows for clear visual comparisons and
sensitivity analyses. Finally, we point to empirical evidence that a robust
hybrid classifier indeed is needed for many real-world problems.
",['cs.LG'],2000,early
cs/0011032,Top-down induction of clustering trees,"  An approach to clustering is presented that adapts the basic top-down
induction of decision trees method towards clustering. To this aim, it employs
the principles of instance based learning. The resulting methodology is
implemented in the TIC (Top down Induction of Clustering trees) system for
first order clustering. The TIC system employs the first order logical decision
tree representation of the inductive logic programming system Tilde. Various
experiments with TIC are presented, in both propositional and relational
domains.
",['cs.LG'],2000,early
cs/0011044,Scaling Up Inductive Logic Programming by Learning from Interpretations,"  When comparing inductive logic programming (ILP) and attribute-value learning
techniques, there is a trade-off between expressive power and efficiency.
Inductive logic programming techniques are typically more expressive but also
less efficient. Therefore, the data sets handled by current inductive logic
programming systems are small according to general standards within the data
mining community. The main source of inefficiency lies in the assumption that
several examples may be related to each other, so they cannot be handled
independently.
  Within the learning from interpretations framework for inductive logic
programming this assumption is unnecessary, which allows to scale up existing
ILP algorithms. In this paper we explain this learning setting in the context
of relational databases. We relate the setting to propositional data mining and
to the classical ILP setting, and show that learning from interpretations
corresponds to learning from multiple relations and thus extends the
expressiveness of propositional learning, while maintaining its efficiency to a
large extent (which is not the case in the classical ILP setting).
  As a case study, we present two alternative implementations of the ILP system
Tilde (Top-down Induction of Logical DEcision trees): Tilde-classic, which
loads all data in main memory, and Tilde-LDS, which loads the examples one by
one. We experimentally compare the implementations, showing Tilde-LDS can
handle large data sets (in the order of 100,000 examples or 100 MB) and indeed
scales up linearly in the number of examples.
",['cs.LG'],2000,early
cs/0103003,Learning Policies with External Memory,"  In order for an agent to perform well in partially observable domains, it is
usually necessary for actions to depend on the history of observations. In this
paper, we explore a {\it stigmergic} approach, in which the agent's actions
include the ability to set and clear bits in an external memory, and the
external memory is included as part of the input to the agent. In this case, we
need to learn a reactive policy in a highly non-Markovian domain. We explore
two algorithms: SARSA(\lambda), which has had empirical success in partially
observable domains, and VAPS, a new algorithm due to Baird and Moore, with
convergence guarantees in partially observable domains. We compare the
performance of these two algorithms on benchmark problems.
",['cs.LG'],2001,early
cs/0110036,Efficient algorithms for decision tree cross-validation,"  Cross-validation is a useful and generally applicable technique often
employed in machine learning, including decision tree induction. An important
disadvantage of straightforward implementation of the technique is its
computational overhead. In this paper we show that, for decision trees, the
computational overhead of cross-validation can be reduced significantly by
integrating the cross-validation with the normal decision tree induction
process. We discuss how existing decision tree algorithms can be adapted to
this aim, and provide an analysis of the speedups these adaptations may yield.
The analysis is supported by experimental results.
",['cs.LG'],2001,early
cs/0211003,"Evaluation of the Performance of the Markov Blanket Bayesian Classifier
  Algorithm","  The Markov Blanket Bayesian Classifier is a recently-proposed algorithm for
construction of probabilistic classifiers. This paper presents an empirical
comparison of the MBBC algorithm with three other Bayesian classifiers: Naive
Bayes, Tree-Augmented Naive Bayes and a general Bayesian network. All of these
are implemented using the K2 framework of Cooper and Herskovits. The
classifiers are compared in terms of their performance (using simple accuracy
measures and ROC curves) and speed, on a range of standard benchmark data sets.
It is concluded that MBBC is competitive in terms of speed and accuracy with
the other algorithms considered.
",['cs.LG'],2002,early
cs/0211007,Approximating Incomplete Kernel Matrices by the em Algorithm,"  In biological data, it is often the case that observed data are available
only for a subset of samples. When a kernel matrix is derived from such data,
we have to leave the entries for unavailable samples as missing. In this paper,
we make use of a parametric model of kernel matrices, and estimate missing
entries by fitting the model to existing entries. The parametric model is
created as a set of spectral variants of a complete kernel matrix derived from
another information source. For model fitting, we adopt the em algorithm based
on the information geometry of positive definite matrices. We will report
promising results on bacteria clustering experiments using two marker
sequences: 16S and gyrB.
",['cs.LG'],2002,early
cs/0309015,"Reliable and Efficient Inference of Bayesian Networks from Sparse Data
  by Statistical Learning Theory","  To learn (statistical) dependencies among random variables requires
exponentially large sample size in the number of observed random variables if
any arbitrary joint probability distribution can occur.
  We consider the case that sparse data strongly suggest that the probabilities
can be described by a simple Bayesian network, i.e., by a graph with small
in-degree \Delta. Then this simple law will also explain further data with high
confidence. This is shown by calculating bounds on the VC dimension of the set
of those probability measures that correspond to simple graphs. This allows to
select networks by structural risk minimization and gives reliability bounds on
the error of the estimated joint measure without (in contrast to a previous
paper) any prior assumptions on the set of possible joint measures.
  The complexity for searching the optimal Bayesian networks of in-degree
\Delta increases only polynomially in the number of random varibales for
constant \Delta and the optimal joint measure associated with a given graph can
be found by convex optimization.
",['cs.LG'],2003,early
cs/0311042,Toward Attribute Efficient Learning Algorithms,"  We make progress on two important problems regarding attribute efficient
learnability.
  First, we give an algorithm for learning decision lists of length $k$ over
$n$ variables using $2^{\tilde{O}(k^{1/3})} \log n$ examples and time
$n^{\tilde{O}(k^{1/3})}$. This is the first algorithm for learning decision
lists that has both subexponential sample complexity and subexponential running
time in the relevant parameters. Our approach establishes a relationship
between attribute efficient learning and polynomial threshold functions and is
based on a new construction of low degree, low weight polynomial threshold
functions for decision lists. For a wide range of parameters our construction
matches a 1994 lower bound due to Beigel for the ODDMAXBIT predicate and gives
an essentially optimal tradeoff between polynomial threshold function degree
and weight.
  Second, we give an algorithm for learning an unknown parity function on $k$
out of $n$ variables using $O(n^{1-1/k})$ examples in time polynomial in $n$.
For $k=o(\log n)$ this yields a polynomial time algorithm with sample
complexity $o(n)$. This is the first polynomial time algorithm for learning
parity on a superconstant number of variables with sublinear sample complexity.
",['cs.LG'],2003,early
cs/0312004,"Improving spam filtering by combining Naive Bayes with simple k-nearest
  neighbor searches","  Using naive Bayes for email classification has become very popular within the
last few months. They are quite easy to implement and very efficient. In this
paper we want to present empirical results of email classification using a
combination of naive Bayes and k-nearest neighbor searches. Using this
technique we show that the accuracy of a Bayes filter can be improved slightly
for a high number of features and significantly for a small number of features.
",['cs.LG'],2003,early
cs/0401005,About Unitary Rating Score Constructing,"  It is offered to pool test points of different subjects and different aspects
of the same subject together in order to get the unitary rating score, by the
way of nonlinear transformation of indicator points in accordance with Zipf's
distribution. It is proposed to use the well-studied distribution of
Intellectuality Quotient IQ as the reference distribution for latent variable
""progress in studies"".
",['cs.LG'],2004,early
cs/0412003,"Mining Heterogeneous Multivariate Time-Series for Learning Meaningful
  Patterns: Application to Home Health Telecare","  For the last years, time-series mining has become a challenging issue for
researchers. An important application lies in most monitoring purposes, which
require analyzing large sets of time-series for learning usual patterns. Any
deviation from this learned profile is then considered as an unexpected
situation. Moreover, complex applications may involve the temporal study of
several heterogeneous parameters. In that paper, we propose a method for mining
heterogeneous multivariate time-series for learning meaningful patterns. The
proposed approach allows for mixed time-series -- containing both pattern and
non-pattern data -- such as for imprecise matches, outliers, stretching and
global translating of patterns instances in time. We present the early results
of our approach in the context of monitoring the health status of a person at
home. The purpose is to build a behavioral profile of a person by analyzing the
time variations of several quantitative or qualitative parameters recorded
through a provision of sensors installed in the home.
",['cs.LG'],2004,early
cs/0502016,Stability Analysis for Regularized Least Squares Regression,"  We discuss stability for a class of learning algorithms with respect to noisy
labels. The algorithms we consider are for regression, and they involve the
minimization of regularized risk functionals, such as L(f) := 1/N sum_i
(f(x_i)-y_i)^2+ lambda ||f||_H^2. We shall call the algorithm `stable' if, when
y_i is a noisy version of f*(x_i) for some function f* in H, the output of the
algorithm converges to f* as the regularization term and noise simultaneously
vanish. We consider two flavors of this problem, one where a data set of N
points remains fixed, and the other where N -> infinity. For the case where N
-> infinity, we give conditions for convergence to f_E (the function which is
the expectation of y(x) for each x), as lambda -> 0. For the fixed N case, we
describe the limiting 'non-noisy', 'non-regularized' function f*, and give
conditions for convergence. In the process, we develop a set of tools for
dealing with functionals such as L(f), which are applicable to many other
problems in learning theory.
",['cs.LG'],2005,early
cs/0504001,Probabilistic and Team PFIN-type Learning: General Properties,"  We consider the probability hierarchy for Popperian FINite learning and study
the general properties of this hierarchy. We prove that the probability
hierarchy is decidable, i.e. there exists an algorithm that receives p_1 and
p_2 and answers whether PFIN-type learning with the probability of success p_1
is equivalent to PFIN-type learning with the probability of success p_2.
  To prove our result, we analyze the topological structure of the probability
hierarchy. We prove that it is well-ordered in descending ordering and
order-equivalent to ordinal epsilon_0. This shows that the structure of the
hierarchy is very complicated.
  Using similar methods, we also prove that, for PFIN-type learning, team
learning and probabilistic learning are of the same power.
",['cs.LG'],2005,early
cs/0506004,Non-asymptotic calibration and resolution,"  We analyze a new algorithm for probability forecasting of binary observations
on the basis of the available data, without making any assumptions about the
way the observations are generated. The algorithm is shown to be well
calibrated and to have good resolution for long enough sequences of
observations and for a suitable choice of its parameter, a kernel on the
Cartesian product of the forecast space $[0,1]$ and the data space. Our main
results are non-asymptotic: we establish explicit inequalities, shown to be
tight, for the performance of the algorithm.
",['cs.LG'],2005,early
cs/0506007,Defensive forecasting for linear protocols,"  We consider a general class of forecasting protocols, called ""linear
protocols"", and discuss several important special cases, including multi-class
forecasting. Forecasting is formalized as a game between three players:
Reality, whose role is to generate observations; Forecaster, whose goal is to
predict the observations; and Skeptic, who tries to make money on any lack of
agreement between Forecaster's predictions and the actual observations. Our
main mathematical result is that for any continuous strategy for Skeptic in a
linear protocol there exists a strategy for Forecaster that does not allow
Skeptic's capital to grow. This result is a meta-theorem that allows one to
transform any continuous law of probability in a linear protocol into a
forecasting strategy whose predictions are guaranteed to satisfy this law. We
apply this meta-theorem to a weak law of large numbers in Hilbert spaces to
obtain a version of the K29 prediction algorithm for linear protocols and show
that this version also satisfies the attractive properties of proper
calibration and resolution under a suitable choice of its kernel parameter,
with no assumptions about the way the data is generated.
",['cs.LG'],2005,early
cs/0506057,About one 3-parameter Model of Testing,"  This article offers a 3-parameter model of testing, with 1) the difference
between the ability level of the examinee and item difficulty; 2) the examinee
discrimination and 3) the item discrimination as model parameters.
",['cs.LG'],2005,early
cs/0506085,On the Job Training,"  We propose a new framework for building and evaluating machine learning
algorithms. We argue that many real-world problems require an agent which must
quickly learn to respond to demands, yet can continue to perform and respond to
new training throughout its useful life. We give a framework for how such
agents can be built, describe several metrics for evaluating them, and show
that subtle changes in system construction can significantly affect agent
performance.
",['cs.LG'],2005,early
cs/0507033,Multiresolution Kernels,"  We present in this work a new methodology to design kernels on data which is
structured with smaller components, such as text, images or sequences. This
methodology is a template procedure which can be applied on most kernels on
measures and takes advantage of a more detailed ""bag of components""
representation of the objects. To obtain such a detailed description, we
consider possible decompositions of the original bag into a collection of
nested bags, following a prior knowledge on the objects' structure. We then
consider these smaller bags to compare two objects both in a detailed
perspective, stressing local matches between the smaller bags, and in a global
or coarse perspective, by considering the entire bag. This multiresolution
approach is likely to be best suited for tasks where the coarse approach is not
precise enough, and where a more subtle mixture of both local and global
similarities is necessary to compare objects. The approach presented here would
not be computationally tractable without a factorization trick that we
introduce before presenting promising results on an image retrieval task.
",['cs.LG'],2005,early
cs/0507044,Defensive Universal Learning with Experts,"  This paper shows how universal learning can be achieved with expert advice.
To this aim, we specify an experts algorithm with the following
characteristics: (a) it uses only feedback from the actions actually chosen
(bandit setup), (b) it can be applied with countably infinite expert classes,
and (c) it copes with losses that may grow in time appropriately slowly. We
prove loss bounds against an adaptive adversary. From this, we obtain a master
algorithm for ""reactive"" experts problems, which means that the master's
actions may influence the behavior of the adversary. Our algorithm can
significantly outperform standard experts algorithms on such problems. Finally,
we combine it with a universal expert class. The resulting universal learner
performs -- in a certain sense -- almost as well as any computable strategy,
for any online decision problem. We also specify the (worst-case) convergence
speed, which is very slow.
",['cs.LG'],2005,early
cs/0507062,FPL Analysis for Adaptive Bandits,"  A main problem of ""Follow the Perturbed Leader"" strategies for online
decision problems is that regret bounds are typically proven against oblivious
adversary. In partial observation cases, it was not clear how to obtain
performance guarantees against adaptive adversary, without worsening the
bounds. We propose a conceptually simple argument to resolve this problem.
Using this, a regret bound of O(t^(2/3)) for FPL in the adversarial multi-armed
bandit problem is shown. This bound holds for the common FPL variant using only
the observations from designated exploration rounds. Using all observations
allows for the stronger bound of O(t^(1/2)), matching the best bound known so
far (and essentially the known lower bound) for adversarial bandits.
Surprisingly, this variant does not even need explicit exploration, it is
self-stabilizing. However the sampling probabilities have to be either
externally provided or approximated to sufficient accuracy, using O(t^2 log t)
samples in each step.
",['cs.LG'],2005,early
cs/0509055,Learning Optimal Augmented Bayes Networks,"  Naive Bayes is a simple Bayesian classifier with strong independence
assumptions among the attributes. This classifier, desipte its strong
independence assumptions, often performs well in practice. It is believed that
relaxing the independence assumptions of a naive Bayes classifier may improve
the classification accuracy of the resulting structure. While finding an
optimal unconstrained Bayesian Network (for most any reasonable scoring
measure) is an NP-hard problem, it is possible to learn in polynomial time
optimal networks obeying various structural restrictions. Several authors have
examined the possibilities of adding augmenting arcs between attributes of a
Naive Bayes classifier. Friedman, Geiger and Goldszmidt define the TAN
structure in which the augmenting arcs form a tree on the attributes, and
present a polynomial time algorithm that learns an optimal TAN with respect to
MDL score. Keogh and Pazzani define Augmented Bayes Networks in which the
augmenting arcs form a forest on the attributes (a collection of trees, hence a
relaxation of the stuctural restriction of TAN), and present heuristic search
methods for learning good, though not optimal, augmenting arc sets. The
authors, however, evaluate the learned structure only in terms of observed
misclassification error and not against a scoring metric, such as MDL. In this
paper, we present a simple, polynomial time greedy algorithm for learning an
optimal Augmented Bayes Network with respect to MDL score.
",['cs.LG'],2005,early
cs/0510038,Learning Unions of $\omega(1)$-Dimensional Rectangles,"  We consider the problem of learning unions of rectangles over the domain
$[b]^n$, in the uniform distribution membership query learning setting, where
both b and n are ""large"". We obtain poly$(n, \log b)$-time algorithms for the
following classes:
  - poly$(n \log b)$-way Majority of $O(\frac{\log(n \log b)} {\log \log(n \log
b)})$-dimensional rectangles.
  - Union of poly$(\log(n \log b))$ many $O(\frac{\log^2 (n \log b)} {(\log
\log(n \log b) \log \log \log (n \log b))^2})$-dimensional rectangles.
  - poly$(n \log b)$-way Majority of poly$(n \log b)$-Or of disjoint
$O(\frac{\log(n \log b)} {\log \log(n \log b)})$-dimensional rectangles.
  Our main algorithmic tool is an extension of Jackson's boosting- and
Fourier-based Harmonic Sieve algorithm [Jackson 1997] to the domain $[b]^n$,
building on work of [Akavia, Goldwasser, Safra 2003]. Other ingredients used to
obtain the results stated above are techniques from exact learning [Beimel,
Kushilevitz 1998] and ideas from recent work on learning augmented $AC^{0}$
circuits [Jackson, Klivans, Servedio 2002] and on representing Boolean
functions as thresholds of parities [Klivans, Servedio 2001].
",['cs.LG'],2005,early
cs/0511058,On-line regression competitive with reproducing kernel Hilbert spaces,"  We consider the problem of on-line prediction of real-valued labels, assumed
bounded in absolute value by a known constant, of new objects from known
labeled objects. The prediction algorithm's performance is measured by the
squared deviation of the predictions from the actual labels. No stochastic
assumptions are made about the way the labels and objects are generated.
Instead, we are given a benchmark class of prediction rules some of which are
hoped to produce good predictions. We show that for a wide range of
infinite-dimensional benchmark classes one can construct a prediction algorithm
whose cumulative loss over the first N examples does not exceed the cumulative
loss of any prediction rule in the class plus O(sqrt(N)); the main differences
from the known results are that we do not impose any upper bound on the norm of
the considered prediction rules and that we achieve an optimal leading term in
the excess loss of our algorithm. If the benchmark class is ""universal"" (dense
in the class of continuous functions on each compact set), this provides an
on-line non-stochastic analogue of universally consistent prediction in
non-parametric statistics. We use two proof techniques: one is based on the
Aggregating Algorithm and the other on the recently developed method of
defensive forecasting.
",['cs.LG'],2005,early
cs/0511088,Bounds on Query Convergence,"  The problem of finding an optimum using noisy evaluations of a smooth cost
function arises in many contexts, including economics, business, medicine,
experiment design, and foraging theory. We derive an asymptotic bound E[ (x_t -
x*)^2 ] >= O(1/sqrt(t)) on the rate of convergence of a sequence (x_0, x_1,
>...) generated by an unbiased feedback process observing noisy evaluations of
an unknown quadratic function maximised at x*. The bound is tight, as the proof
leads to a simple algorithm which meets it. We further establish a bound on the
total regret, E[ sum_{i=1..t} (x_i - x*)^2 ] >= O(sqrt(t)) These bounds may
impose practical limitations on an agent's performance, as O(eps^-4) queries
are made before the queries converge to x* with eps accuracy.
",['cs.LG'],2005,early
cs/0512050,Preference Learning in Terminology Extraction: A ROC-based approach,"  A key data preparation step in Text Mining, Term Extraction selects the
terms, or collocation of words, attached to specific concepts. In this paper,
the task of extracting relevant collocations is achieved through a supervised
learning algorithm, exploiting a few collocations manually labelled as
relevant/irrelevant. The candidate terms are described along 13 standard
statistical criteria measures. From these examples, an evolutionary learning
algorithm termed Roger, based on the optimization of the Area under the ROC
curve criterion, extracts an order on the candidate terms. The robustness of
the approach is demonstrated on two real-world domain applications, considering
different domains (biology and human resources) and different languages
(English and French).
",['cs.LG'],2005,early
cs/0512059,Competing with wild prediction rules,"  We consider the problem of on-line prediction competitive with a benchmark
class of continuous but highly irregular prediction rules. It is known that if
the benchmark class is a reproducing kernel Hilbert space, there exists a
prediction algorithm whose average loss over the first N examples does not
exceed the average loss of any prediction rule in the class plus a ""regret
term"" of O(N^(-1/2)). The elements of some natural benchmark classes, however,
are so irregular that these classes are not Hilbert spaces. In this paper we
develop Banach-space methods to construct a prediction algorithm with a regret
term of O(N^(-1/p)), where p is in [2,infty) and p-2 reflects the degree to
which the benchmark class fails to be a Hilbert space.
",['cs.LG'],2005,early
cs/0601044,"Genetic Programming, Validation Sets, and Parsimony Pressure","  Fitness functions based on test cases are very common in Genetic Programming
(GP). This process can be assimilated to a learning task, with the inference of
models from a limited number of samples. This paper is an investigation on two
methods to improve generalization in GP-based learning: 1) the selection of the
best-of-run individuals using a three data sets methodology, and 2) the
application of parsimony pressure in order to reduce the complexity of the
solutions. Results using GP in a binary classification setup show that while
the accuracy on the test sets is preserved, with less variances compared to
baseline results, the mean tree size obtained with the tested methods is
significantly reduced.
",['cs.LG'],2006,early
cs/0601087,Processing of Test Matrices with Guessing Correction,"  It is suggested to insert into test matrix 1s for correct responses, 0s for
response refusals, and negative corrective elements for incorrect responses.
With the classical test theory approach test scores of examinees and items are
calculated traditionally as sums of matrix elements, organized in rows and
columns. Correlation coefficients are estimated using correction coefficients.
In item response theory approach examinee and item logits are estimated using
maximum likelihood method and probabilities of all matrix elements.
",['cs.LG'],2006,early
cs/0602062,Learning rational stochastic languages,"  Given a finite set of words w1,...,wn independently drawn according to a
fixed unknown distribution law P called a stochastic language, an usual goal in
Grammatical Inference is to infer an estimate of P in some class of
probabilistic models, such as Probabilistic Automata (PA). Here, we study the
class of rational stochastic languages, which consists in stochastic languages
that can be generated by Multiplicity Automata (MA) and which strictly includes
the class of stochastic languages generated by PA. Rational stochastic
languages have minimal normal representation which may be very concise, and
whose parameters can be efficiently estimated from stochastic samples. We
design an efficient inference algorithm DEES which aims at building a minimal
normal representation of the target. Despite the fact that no recursively
enumerable class of MA computes exactly the set of rational stochastic
languages over Q, we show that DEES strongly identifies tis set in the limit.
We study the intermediary MA output by DEES and show that they compute rational
series which converge absolutely to one and which can be used to provide
stochastic languages which closely estimate the target.
",['cs.LG'],2006,early
cs/0605040,General Discounting versus Average Reward,"  Consider an agent interacting with an environment in cycles. In every
interaction cycle the agent is rewarded for its performance. We compare the
average reward U from cycle 1 to m (average value) with the future discounted
reward V from cycle k to infinity (discounted value). We consider essentially
arbitrary (non-geometric) discount sequences and arbitrary reward sequences
(non-MDP environments). We show that asymptotically U for m->infinity and V for
k->infinity are equal, provided both limits exist. Further, if the effective
horizon grows linearly with k or faster, then existence of the limit of U
implies that the limit of V exists. Conversely, if the effective horizon grows
linearly with k or slower, then existence of the limit of V implies that the
limit of U exists.
",['cs.LG'],2006,early
cs/0606077,On Sequence Prediction for Arbitrary Measures,"  Suppose we are given two probability measures on the set of one-way infinite
finite-alphabet sequences and consider the question when one of the measures
predicts the other, that is, when conditional probabilities converge (in a
certain sense) when one of the measures is chosen to generate the sequence.
This question may be considered a refinement of the problem of sequence
prediction in its most general formulation: for a given class of probability
measures, does there exist a measure which predicts all of the measures in the
class? To address this problem, we find some conditions on local absolute
continuity which are sufficient for prediction and which generalize several
different notions which are known to be sufficient for prediction. We also
formulate some open questions to outline a direction for finding the conditions
on classes of measures for which prediction is possible.
",['cs.LG'],2006,early
cs/0606093,Predictions as statements and decisions,"  Prediction is a complex notion, and different predictors (such as people,
computer programs, and probabilistic theories) can pursue very different goals.
In this paper I will review some popular kinds of prediction and argue that the
theory of competitive on-line learning can benefit from the kinds of prediction
that are now foreign to it.
",['cs.LG'],2006,early
cs/0607047,PAC Classification based on PAC Estimates of Label Class Distributions,"  A standard approach in pattern classification is to estimate the
distributions of the label classes, and then to apply the Bayes classifier to
the estimates of the distributions in order to classify unlabeled examples. As
one might expect, the better our estimates of the label class distributions,
the better the resulting classifier will be. In this paper we make this
observation precise by identifying risk bounds of a classifier in terms of the
quality of the estimates of the label class distributions. We show how PAC
learnability relates to estimates of the distributions that have a PAC
guarantee on their $L_1$ distance from the true distribution, and we bound the
increase in negative log likelihood risk in terms of PAC bounds on the
KL-divergence. We give an inefficient but general-purpose smoothing method for
converting an estimated distribution that is good under the $L_1$ metric into a
distribution that is good under the KL-divergence.
",['cs.LG'],2006,early
cs/0607067,Competing with stationary prediction strategies,"  In this paper we introduce the class of stationary prediction strategies and
construct a prediction algorithm that asymptotically performs as well as the
best continuous stationary strategy. We make mild compactness assumptions but
no stochastic assumptions about the environment. In particular, no assumption
of stationarity is made about the environment, and the stationarity of the
considered strategies only means that they do not depend explicitly on time; we
argue that it is natural to consider only stationary strategies even for highly
non-stationary environments.
",['cs.LG'],2006,early
cs/0607085,"Using Pseudo-Stochastic Rational Languages in Probabilistic Grammatical
  Inference","  In probabilistic grammatical inference, a usual goal is to infer a good
approximation of an unknown distribution P called a stochastic language. The
estimate of P stands in some class of probabilistic models such as
probabilistic automata (PA). In this paper, we focus on probabilistic models
based on multiplicity automata (MA). The stochastic languages generated by MA
are called rational stochastic languages; they strictly include stochastic
languages generated by PA; they also admit a very concise canonical
representation. Despite the fact that this class is not recursively enumerable,
it is efficiently identifiable in the limit by using the algorithm DEES,
introduced by the authors in a previous paper. However, the identification is
not proper and before the convergence of the algorithm, DEES can produce MA
that do not define stochastic languages. Nevertheless, it is possible to use
these MA to define stochastic languages. We show that they belong to a broader
class of rational series, that we call pseudo-stochastic rational languages.
The aim of this paper is twofold. First we provide a theoretical study of
pseudo-stochastic rational languages, the languages output by DEES, showing for
example that this class is decidable within polynomial time. Second, we have
carried out a lot of experiments in order to compare DEES to classical
inference algorithms such as ALERGIA and MDI. They show that DEES outperforms
them in most cases.
",['cs.LG'],2006,early
cs/0607096,"Logical settings for concept learning from incomplete examples in First
  Order Logic","  We investigate here concept learning from incomplete examples. Our first
purpose is to discuss to what extent logical learning settings have to be
modified in order to cope with data incompleteness. More precisely we are
interested in extending the learning from interpretations setting introduced by
L. De Raedt that extends to relational representations the classical
propositional (or attribute-value) concept learning from examples framework. We
are inspired here by ideas presented by H. Hirsh in a work extending the
Version space inductive paradigm to incomplete data. H. Hirsh proposes to
slightly modify the notion of solution when dealing with incomplete examples: a
solution has to be a hypothesis compatible with all pieces of information
concerning the examples. We identify two main classes of incompleteness. First,
uncertainty deals with our state of knowledge concerning an example. Second,
generalization (or abstraction) deals with what part of the description of the
example is sufficient for the learning purpose. These two main sources of
incompleteness can be mixed up when only part of the useful information is
known. We discuss a general learning setting, referred to as ""learning from
possibilities"" that formalizes these ideas, then we present a more specific
learning setting, referred to as ""assumption-based learning"" that cope with
examples which uncertainty can be reduced when considering contextual
information outside of the proper description of the examples. Assumption-based
learning is illustrated on a recent work concerning the prediction of a
consensus secondary structure common to a set of RNA sequences.
",['cs.LG'],2006,early
cs/0607110,"A Theory of Probabilistic Boosting, Decision Trees and Matryoshki","  We present a theory of boosting probabilistic classifiers. We place ourselves
in the situation of a user who only provides a stopping parameter and a
probabilistic weak learner/classifier and compare three types of boosting
algorithms: probabilistic Adaboost, decision tree, and tree of trees of ... of
trees, which we call matryoshka. ""Nested tree,"" ""embedded tree"" and ""recursive
tree"" are also appropriate names for this algorithm, which is one of our
contributions. Our other contribution is the theoretical analysis of the
algorithms, in which we give training error bounds. This analysis suggests that
the matryoshka leverages probabilistic weak classifiers more efficiently than
simple decision trees.
",['cs.LG'],2006,early
cs/0607134,Leading strategies in competitive on-line prediction,"  We start from a simple asymptotic result for the problem of on-line
regression with the quadratic loss function: the class of continuous
limited-memory prediction strategies admits a ""leading prediction strategy"",
which not only asymptotically performs at least as well as any continuous
limited-memory strategy but also satisfies the property that the excess loss of
any continuous limited-memory strategy is determined by how closely it imitates
the leading strategy. More specifically, for any class of prediction strategies
constituting a reproducing kernel Hilbert space we construct a leading
strategy, in the sense that the loss of any prediction strategy whose norm is
not too large is determined by how closely it imitates the leading strategy.
This result is extended to the loss functions given by Bregman divergences and
by strictly proper scoring rules.
",['cs.LG'],2006,early
cs/0607136,Competing with Markov prediction strategies,"  Assuming that the loss function is convex in the prediction, we construct a
prediction strategy universal for the class of Markov prediction strategies,
not necessarily continuous. Allowing randomization, we remove the requirement
of convexity.
",['cs.LG'],2006,early
cs/0608033,A Study on Learnability for Rigid Lambek Grammars,"  We present basic notions of Gold's ""learnability in the limit"" paradigm,
first presented in 1967, a formalization of the cognitive process by which a
native speaker gets to grasp the underlying grammar of his/her own native
language by being exposed to well formed sentences generated by that grammar.
Then we present Lambek grammars, a formalism issued from categorial grammars
which, although not as expressive as needed for a full formalization of natural
languages, is particularly suited to easily implement a natural interface
between syntax and semantics. In the last part of this work, we present a
learnability result for Rigid Lambek grammars from structured examples.
",['cs.LG'],2006,early
cs/0609007,A Massive Local Rules Search Approach to the Classification Problem,"  An approach to the classification problem of machine learning, based on
building local classification rules, is developed. The local rules are
considered as projections of the global classification rules to the event we
want to classify. A massive global optimization algorithm is used for
optimization of quality criterion. The algorithm, which has polynomial
complexity in typical case, is used to find all high--quality local rules. The
other distinctive feature of the algorithm is the integration of attributes
levels selection (for ordered attributes) with rules searching and original
conflicting rules resolution strategy. The algorithm is practical; it was
tested on a number of data sets from UCI repository, and a comparison with the
other predicting techniques is presented.
",['cs.LG'],2006,early
cs/0609045,Metric entropy in competitive on-line prediction,"  Competitive on-line prediction (also known as universal prediction of
individual sequences) is a strand of learning theory avoiding making any
stochastic assumptions about the way the observations are generated. The
predictor's goal is to compete with a benchmark class of prediction rules,
which is often a proper Banach function space. Metric entropy provides a
unifying framework for competitive on-line prediction: the numerous known upper
bounds on the metric entropy of various compact sets in function spaces readily
imply bounds on the performance of on-line prediction strategies. This paper
discusses strengths and limitations of the direct approach to competitive
on-line prediction via metric entropy, including comparisons to other
approaches.
",['cs.LG'],2006,early
cs/0609093,"PAC Learning Mixtures of Axis-Aligned Gaussians with No Separation
  Assumption","  We propose and analyze a new vantage point for the learning of mixtures of
Gaussians: namely, the PAC-style model of learning probability distributions
introduced by Kearns et al. Here the task is to construct a hypothesis mixture
of Gaussians that is statistically indistinguishable from the actual mixture
generating the data; specifically, the KL-divergence should be at most epsilon.
  In this scenario, we give a poly(n/epsilon)-time algorithm that learns the
class of mixtures of any constant number of axis-aligned Gaussians in
n-dimensional Euclidean space. Our algorithm makes no assumptions about the
separation between the means of the Gaussians, nor does it have any dependence
on the minimum mixing weight. This is in contrast to learning results known in
the ``clustering'' model, where such assumptions are unavoidable.
  Our algorithm relies on the method of moments, and a subalgorithm developed
in previous work by the authors (FOCS 2005) for a discrete mixture-learning
problem.
",['cs.LG'],2006,early
cs/0611011,Hedging predictions in machine learning,"  Recent advances in machine learning make it possible to design efficient
prediction algorithms for data sets with huge numbers of parameters. This paper
describes a new technique for ""hedging"" the predictions output by many such
algorithms, including support vector machines, kernel ridge regression, kernel
nearest neighbours, and by many other state-of-the-art methods. The hedged
predictions for the labels of new objects include quantitative measures of
their own accuracy and reliability. These measures are provably valid under the
assumption of randomness, traditional in machine learning: the objects and
their labels are assumed to be generated independently from the same
probability distribution. In particular, it becomes possible to control (up to
statistical fluctuations) the number of erroneous predictions by selecting a
suitable confidence level. Validity being achieved automatically, the remaining
goal of hedged prediction is efficiency: taking full account of the new
objects' features and other available information to produce as accurate
predictions as possible. This can be done successfully using the powerful
machinery of modern machine learning.
",['cs.LG'],2006,early
cs/0611145,"A Unified View of TD Algorithms; Introducing Full-Gradient TD and
  Equi-Gradient Descent TD","  This paper addresses the issue of policy evaluation in Markov Decision
Processes, using linear function approximation. It provides a unified view of
algorithms such as TD(lambda), LSTD(lambda), iLSTD, residual-gradient TD. It is
asserted that they all consist in minimizing a gradient function and differ by
the form of this function and their means of minimizing it. Two new schemes are
introduced in that framework: Full-gradient TD which uses a generalization of
the principle introduced in iLSTD, and EGD TD, which reduces the gradient by
successive equi-gradient descents. These three algorithms form a new
intermediate family with the interesting property of making much better use of
the samples than TD while keeping a gradient descent scheme, which is useful
for complexity issues and optimistic policy iteration.
",['cs.LG'],2006,early
cs/0703062,Bandit Algorithms for Tree Search,"  Bandit based methods for tree search have recently gained popularity when
applied to huge trees, e.g. in the game of go (Gelly et al., 2006). The UCT
algorithm (Kocsis and Szepesvari, 2006), a tree search method based on Upper
Confidence Bounds (UCB) (Auer et al., 2002), is believed to adapt locally to
the effective smoothness of the tree. However, we show that UCT is too
``optimistic'' in some cases, leading to a regret O(exp(exp(D))) where D is the
depth of the tree. We propose alternative bandit algorithms for tree search.
First, a modification of UCT using a confidence sequence that scales
exponentially with the horizon depth is proven to have a regret O(2^D
\sqrt{n}), but does not adapt to possible smoothness in the tree. We then
analyze Flat-UCB performed on the leaves and provide a finite regret bound with
high probability. Then, we introduce a UCB-based Bandit Algorithm for Smooth
Trees which takes into account actual smoothness of the rewards for performing
efficient ``cuts'' of sub-optimal branches with high confidence. Finally, we
present an incremental tree search version which applies when the full tree is
too big (possibly infinite) to be entirely represented and show that with high
probability, essentially only the optimal branches is indefinitely developed.
We illustrate these methods on a global optimization problem of a Lipschitz
function, given noisy data.
",['cs.LG'],2007,early
cs/0703125,Intrinsic dimension of a dataset: what properties does one expect?,"  We propose an axiomatic approach to the concept of an intrinsic dimension of
a dataset, based on a viewpoint of geometry of high-dimensional structures. Our
first axiom postulates that high values of dimension be indicative of the
presence of the curse of dimensionality (in a certain precise mathematical
sense). The second axiom requires the dimension to depend smoothly on a
distance between datasets (so that the dimension of a dataset and that of an
approximating principal manifold would be close to each other). The third axiom
is a normalization condition: the dimension of the Euclidean $n$-sphere $\s^n$
is $\Theta(n)$. We give an example of a dimension function satisfying our
axioms, even though it is in general computationally unfeasible, and discuss a
computationally cheap function satisfying most but not all of our axioms (the
``intrinsic dimensionality'' of Ch\'avez et al.)
",['cs.LG'],2007,early
cs/9905014,"Hierarchical Reinforcement Learning with the MAXQ Value Function
  Decomposition","  This paper presents the MAXQ approach to hierarchical reinforcement learning
based on decomposing the target Markov decision process (MDP) into a hierarchy
of smaller MDPs and decomposing the value function of the target MDP into an
additive combination of the value functions of the smaller MDPs. The paper
defines the MAXQ hierarchy, proves formal results on its representational
power, and establishes five conditions for the safe use of state abstractions.
The paper presents an online model-free learning algorithm, MAXQ-Q, and proves
that it converges wih probability 1 to a kind of locally-optimal policy known
as a recursively optimal policy, even in the presence of the five kinds of
state abstraction. The paper evaluates the MAXQ representation and MAXQ-Q
through a series of experiments in three domains and shows experimentally that
MAXQ-Q (with state abstractions) converges to a recursively optimal policy much
faster than flat Q learning. The fact that MAXQ learns a representation of the
value function has an important benefit: it makes it possible to compute and
execute an improved, non-hierarchical policy via a procedure similar to the
policy improvement step of policy iteration. The paper demonstrates the
effectiveness of this non-hierarchical execution experimentally. Finally, the
paper concludes with a comparison to related work and a discussion of the
design tradeoffs in hierarchical reinforcement learning.
",['cs.LG'],1999,early
cs/9905015,State Abstraction in MAXQ Hierarchical Reinforcement Learning,"  Many researchers have explored methods for hierarchical reinforcement
learning (RL) with temporal abstractions, in which abstract actions are defined
that can perform many primitive actions before terminating. However, little is
known about learning with state abstractions, in which aspects of the state
space are ignored. In previous work, we developed the MAXQ method for
hierarchical RL. In this paper, we define five conditions under which state
abstraction can be combined with the MAXQ value function decomposition. We
prove that the MAXQ-Q learning algorithm converges under these conditions and
show experimentally that state abstraction is important for the successful
application of MAXQ-Q learning.
",['cs.LG'],1999,early
